filename,emotion
C:\Users\huynh\Desktop\Jupyter\CatEmotionDetector\Cat Emotions.v1-test.folder\train\Angry\100_a_jpeg.rf.be0c0e98a2d0222772725d46ec58a1d0.jpg,angry
C:\Users\huynh\Desktop\Jupyter\CatEmotionDetector\Cat Emotions.v1-test.folder\train\Angry\10_a_jpeg.rf.2d8101e0ce96c178a877b2c779e57a3a.jpg,angry
C:\Users\huynh\Desktop\Jupyter\CatEmotionDetector\Cat Emotions.v1-test.folder\train\Angry\14_a_jpeg.rf.15e889da9fbb5e3ef49a59e3bcfd845a.jpg,angry
C:\Users\huynh\Desktop\Jupyter\CatEmotionDetector\Cat Emotions.v1-test.folder\train\Angry\15_a_jpeg.rf.8a01f207087295147bccbd17533313b4.jpg,angry
C:\Users\huynh\Desktop\Jupyter\CatEmotionDetector\Cat Emotions.v1-test.folder\train\Angry\23_a_jpeg.rf.e3048766506d5863c138e41ca44e4799.jpg,angry
C:\Users\huynh\Desktop\Jupyter\CatEmotionDetector\Cat Emotions.v1-test.folder\train\Angry\26_a_jpeg.rf.b26852ab14359ad0e557fadd60d73776.jpg,angry
C:\Users\huynh\Desktop\Jupyter\CatEmotionDetector\Cat Emotions.v1-test.folder\train\Angry\27_a_jpeg.rf.e98eabbffbec653b96e9c3688f149b56.jpg,angry
C:\Users\huynh\Desktop\Jupyter\CatEmotionDetector\Cat Emotions.v1-test.folder\train\Angry\28_a_jpeg.rf.88cdfadb356fd02fac865925d69722b0.jpg,angry
C:\Users\huynh\Desktop\Jupyter\CatEmotionDetector\Cat Emotions.v1-test.folder\train\Angry\31_a_jpeg.rf.1b490de5be354d66a5d5271c3e9e32b1.jpg,angry
C:\Users\huynh\Desktop\Jupyter\CatEmotionDetector\Cat Emotions.v1-test.folder\train\Angry\32_a_jpeg.rf.967c902b36a52aab2bb293162ccf4194.jpg,angry
C:\Users\huynh\Desktop\Jupyter\CatEmotionDetector\Cat Emotions.v1-test.folder\train\Angry\35_a_jpeg.rf.ef7c98b93c1b8c21c35ab34ba55ae754.jpg,angry
C:\Users\huynh\Desktop\Jupyter\CatEmotionDetector\Cat Emotions.v1-test.folder\train\Angry\36_a_jpeg.rf.ad8f211e56bef0d2dcb9e47f50466864.jpg,angry
C:\Users\huynh\Desktop\Jupyter\CatEmotionDetector\Cat Emotions.v1-test.folder\train\Angry\37_a_jpeg.rf.6cbdb531acb97c180892c3e314fff689.jpg,angry
C:\Users\huynh\Desktop\Jupyter\CatEmotionDetector\Cat Emotions.v1-test.folder\train\Angry\40_a_jpeg.rf.25f885785d6706f1c34441bbfa1e08b6.jpg,angry
C:\Users\huynh\Desktop\Jupyter\CatEmotionDetector\Cat Emotions.v1-test.folder\train\Angry\44_a_jpeg.rf.e4574d3208a2cedfa08996f7fdb3c211.jpg,angry
C:\Users\huynh\Desktop\Jupyter\CatEmotionDetector\Cat Emotions.v1-test.folder\train\Angry\45_a_jpeg.rf.975132b3d5233a617a0711092650a886.jpg,angry
C:\Users\huynh\Desktop\Jupyter\CatEmotionDetector\Cat Emotions.v1-test.folder\train\Angry\46_a_jpeg.rf.6ac1f322934a56fbfd9a5ac01842584a.jpg,angry
C:\Users\huynh\Desktop\Jupyter\CatEmotionDetector\Cat Emotions.v1-test.folder\train\Angry\4_a_jpeg.rf.96a9cd63e89cf74186265ff769d7966e.jpg,angry
C:\Users\huynh\Desktop\Jupyter\CatEmotionDetector\Cat Emotions.v1-test.folder\train\Angry\50_a_jpeg.rf.b77c30792002693ae03db05d9ea993ea.jpg,angry
C:\Users\huynh\Desktop\Jupyter\CatEmotionDetector\Cat Emotions.v1-test.folder\train\Angry\52_a_jpeg.rf.75813c0348ab4a11517604ea1a4760e9.jpg,angry
C:\Users\huynh\Desktop\Jupyter\CatEmotionDetector\Cat Emotions.v1-test.folder\train\Angry\54_a_jpeg.rf.1a061887d992351d0d9e88ebe21b9740.jpg,angry
C:\Users\huynh\Desktop\Jupyter\CatEmotionDetector\Cat Emotions.v1-test.folder\train\Angry\57_a_jpeg.rf.4a82ab650ccb8571cd127984f3306409.jpg,angry
C:\Users\huynh\Desktop\Jupyter\CatEmotionDetector\Cat Emotions.v1-test.folder\train\Angry\58_a_jpeg.rf.697c45d1adfb4fe5c85c6ef3619bb259.jpg,angry
C:\Users\huynh\Desktop\Jupyter\CatEmotionDetector\Cat Emotions.v1-test.folder\train\Angry\59_a_jpeg.rf.c08d205b0ad631c2aa05b91b9d8f7bee.jpg,angry
C:\Users\huynh\Desktop\Jupyter\CatEmotionDetector\Cat Emotions.v1-test.folder\train\Angry\5_a_jpeg.rf.9fd15622c081ef437c988273bbcaea5b.jpg,angry
C:\Users\huynh\Desktop\Jupyter\CatEmotionDetector\Cat Emotions.v1-test.folder\train\Angry\60_a_jpeg.rf.e3a088771d4ec71669d683abd8127149.jpg,angry
C:\Users\huynh\Desktop\Jupyter\CatEmotionDetector\Cat Emotions.v1-test.folder\train\Angry\61_a_jpeg.rf.40dd1096f8e7a5bc2a40b540bc60ec40.jpg,angry
C:\Users\huynh\Desktop\Jupyter\CatEmotionDetector\Cat Emotions.v1-test.folder\train\Angry\62_a_jpeg.rf.1772d173eb8abfc403ee8937330b0e82.jpg,angry
C:\Users\huynh\Desktop\Jupyter\CatEmotionDetector\Cat Emotions.v1-test.folder\train\Angry\63_a_jpeg.rf.62dbd4396d3150b8c4d27b3f9c0d2c45.jpg,angry
C:\Users\huynh\Desktop\Jupyter\CatEmotionDetector\Cat Emotions.v1-test.folder\train\Angry\64_a_jpeg.rf.23fe6ba463b05ed54916ac514de9a64c.jpg,angry
C:\Users\huynh\Desktop\Jupyter\CatEmotionDetector\Cat Emotions.v1-test.folder\train\Angry\65_a_jpeg.rf.89cc7500004565b930c309f879efe806.jpg,angry
C:\Users\huynh\Desktop\Jupyter\CatEmotionDetector\Cat Emotions.v1-test.folder\train\Angry\66_a_jpeg.rf.3993c493bc8aa1680646c00a20c9c92e.jpg,angry
C:\Users\huynh\Desktop\Jupyter\CatEmotionDetector\Cat Emotions.v1-test.folder\train\Angry\67_a_jpeg.rf.af5e69a2a34e34e4e9dc50c1d2553c25.jpg,angry
C:\Users\huynh\Desktop\Jupyter\CatEmotionDetector\Cat Emotions.v1-test.folder\train\Angry\68_a_jpeg.rf.d1cdae468eec9fc1f7880878307e20a7.jpg,angry
C:\Users\huynh\Desktop\Jupyter\CatEmotionDetector\Cat Emotions.v1-test.folder\train\Angry\69_a_jpeg.rf.6dd5d636dc9a6dec2eb7836ee6f3865b.jpg,angry
C:\Users\huynh\Desktop\Jupyter\CatEmotionDetector\Cat Emotions.v1-test.folder\train\Angry\72_a_jpeg.rf.2a8ee4926f1537e611ef41304851eae8.jpg,angry
C:\Users\huynh\Desktop\Jupyter\CatEmotionDetector\Cat Emotions.v1-test.folder\train\Angry\73_a_jpeg.rf.023eefd02271cc61fb77fda058ccc3fb.jpg,angry
C:\Users\huynh\Desktop\Jupyter\CatEmotionDetector\Cat Emotions.v1-test.folder\train\Angry\75_a_jpeg.rf.3c262b217abd3a4f4cc50261d5f954b2.jpg,angry
C:\Users\huynh\Desktop\Jupyter\CatEmotionDetector\Cat Emotions.v1-test.folder\train\Angry\76_a_jpeg.rf.fca859de93cde7f0fcd744e1be1b8b82.jpg,angry
C:\Users\huynh\Desktop\Jupyter\CatEmotionDetector\Cat Emotions.v1-test.folder\train\Angry\77_a_jpeg.rf.b8d3f03831c4c7988821007824b743c4.jpg,angry
C:\Users\huynh\Desktop\Jupyter\CatEmotionDetector\Cat Emotions.v1-test.folder\train\Angry\7_a_jpeg.rf.024c795b9573a78e2deedc89a35f4e1b.jpg,angry
C:\Users\huynh\Desktop\Jupyter\CatEmotionDetector\Cat Emotions.v1-test.folder\train\Angry\80_a_jpeg.rf.3683e37666efef79e40205c0ac255423.jpg,angry
C:\Users\huynh\Desktop\Jupyter\CatEmotionDetector\Cat Emotions.v1-test.folder\train\Angry\81_a_jpeg.rf.9812b2cad41891c853d9b99c126846fd.jpg,angry
C:\Users\huynh\Desktop\Jupyter\CatEmotionDetector\Cat Emotions.v1-test.folder\train\Angry\82_a_jpeg.rf.a703a8d62cbe72fb9a8a3ec7c731b25e.jpg,angry
C:\Users\huynh\Desktop\Jupyter\CatEmotionDetector\Cat Emotions.v1-test.folder\train\Angry\84_a_jpeg.rf.c39b4e70256abfec64c264d2c7b850df.jpg,angry
C:\Users\huynh\Desktop\Jupyter\CatEmotionDetector\Cat Emotions.v1-test.folder\train\Angry\86_a_jpeg.rf.58586efe296db6f4e2ff22be29b17036.jpg,angry
C:\Users\huynh\Desktop\Jupyter\CatEmotionDetector\Cat Emotions.v1-test.folder\train\Angry\88_a_jpeg.rf.fb86138f269b91b364a784dbb3f20798.jpg,angry
C:\Users\huynh\Desktop\Jupyter\CatEmotionDetector\Cat Emotions.v1-test.folder\train\Angry\89_a_jpeg.rf.9112c9b195353be371b82b4f95db5a04.jpg,angry
C:\Users\huynh\Desktop\Jupyter\CatEmotionDetector\Cat Emotions.v1-test.folder\train\Angry\8_a_jpeg.rf.382fd022bc0772f739c3afeb0571714d.jpg,angry
C:\Users\huynh\Desktop\Jupyter\CatEmotionDetector\Cat Emotions.v1-test.folder\train\Angry\90_a_jpeg.rf.3a74f9486ce4e3136fb99c9b499c1f4e.jpg,angry
C:\Users\huynh\Desktop\Jupyter\CatEmotionDetector\Cat Emotions.v1-test.folder\train\Angry\91_a_jpeg.rf.4ab6098b019b060229925928a9204634.jpg,angry
C:\Users\huynh\Desktop\Jupyter\CatEmotionDetector\Cat Emotions.v1-test.folder\train\Angry\92_a_jpeg.rf.2c1a7cdccb72c592e449bd8744af55b8.jpg,angry
C:\Users\huynh\Desktop\Jupyter\CatEmotionDetector\Cat Emotions.v1-test.folder\train\Angry\93_a_jpeg.rf.15d6cf253cc89442d6de18a77e78b362.jpg,angry
C:\Users\huynh\Desktop\Jupyter\CatEmotionDetector\Cat Emotions.v1-test.folder\train\Angry\94_a_jpeg.rf.78b2c0691ad2d431b94cafb9a75174e2.jpg,angry
C:\Users\huynh\Desktop\Jupyter\CatEmotionDetector\Cat Emotions.v1-test.folder\train\Angry\96_a_jpeg.rf.6558a732fca95952db37e9ba323c3999.jpg,angry
C:\Users\huynh\Desktop\Jupyter\CatEmotionDetector\Cat Emotions.v1-test.folder\train\Angry\97_a_jpeg.rf.46d464753a22425a6a81d2b2ced86c0e.jpg,angry
C:\Users\huynh\Desktop\Jupyter\CatEmotionDetector\Cat Emotions.v1-test.folder\train\Angry\99_a_jpeg.rf.ebcae6c0e17cfe1ac0c4650878989290.jpg,angry
C:\Users\huynh\Desktop\Jupyter\CatEmotionDetector\Cat Emotions.v1-test.folder\train\Angry\9_a_jpeg.rf.980a3dbd41a5ab63ac839231e53a62f8.jpg,angry
C:\Users\huynh\Desktop\Jupyter\CatEmotionDetector\Cat Emotions.v1-test.folder\train\Happy\100_h_jpeg.rf.31e88c8e9817c3b65af288b56ed40a3c.jpg,happy
C:\Users\huynh\Desktop\Jupyter\CatEmotionDetector\Cat Emotions.v1-test.folder\train\Happy\13_h_jpeg.rf.9212c55a852a36ba79e5d90eebb3855b.jpg,happy
C:\Users\huynh\Desktop\Jupyter\CatEmotionDetector\Cat Emotions.v1-test.folder\train\Happy\14_h_jpeg.rf.26bed5eb0d84792356d78b3d1190448a.jpg,happy
C:\Users\huynh\Desktop\Jupyter\CatEmotionDetector\Cat Emotions.v1-test.folder\train\Happy\16_h_jpeg.rf.c05496592540112e63ddad0a3e56f51b.jpg,happy
C:\Users\huynh\Desktop\Jupyter\CatEmotionDetector\Cat Emotions.v1-test.folder\train\Happy\18_h_jpeg.rf.d9e607f4cab3cd84ef0a3ea22f521c49.jpg,happy
C:\Users\huynh\Desktop\Jupyter\CatEmotionDetector\Cat Emotions.v1-test.folder\train\Happy\19_h_jpeg.rf.7f31d678ecf04d174d1c681dcbdfd961.jpg,happy
C:\Users\huynh\Desktop\Jupyter\CatEmotionDetector\Cat Emotions.v1-test.folder\train\Happy\20_h_jpeg.rf.0dac739f02644ff3129530b7afc24dab.jpg,happy
C:\Users\huynh\Desktop\Jupyter\CatEmotionDetector\Cat Emotions.v1-test.folder\train\Happy\21_h_jpeg.rf.93528490bb143c7ed28e9a3e421af6b6.jpg,happy
C:\Users\huynh\Desktop\Jupyter\CatEmotionDetector\Cat Emotions.v1-test.folder\train\Happy\22_h_jpeg.rf.403ee377b331137714b8a161ba7c451f.jpg,happy
C:\Users\huynh\Desktop\Jupyter\CatEmotionDetector\Cat Emotions.v1-test.folder\train\Happy\26_h_jpeg.rf.31f1833accb3655eb4f272aad8a400dc.jpg,happy
C:\Users\huynh\Desktop\Jupyter\CatEmotionDetector\Cat Emotions.v1-test.folder\train\Happy\27_h_jpeg.rf.696ac57a4fd987b54cdada396e63616a.jpg,happy
C:\Users\huynh\Desktop\Jupyter\CatEmotionDetector\Cat Emotions.v1-test.folder\train\Happy\28_h_jpeg.rf.46f2fabc19324d8338f09d7e345a296e.jpg,happy
C:\Users\huynh\Desktop\Jupyter\CatEmotionDetector\Cat Emotions.v1-test.folder\train\Happy\29_h_jpeg.rf.d0f6ea01f4931521e306a1056187c5b2.jpg,happy
C:\Users\huynh\Desktop\Jupyter\CatEmotionDetector\Cat Emotions.v1-test.folder\train\Happy\30_h_jpeg.rf.9bb7d12303990588b86da8bc2eaf1122.jpg,happy
C:\Users\huynh\Desktop\Jupyter\CatEmotionDetector\Cat Emotions.v1-test.folder\train\Happy\32_h_jpeg.rf.fee1bb7919feb5d34fac4f05aa1c8fbf.jpg,happy
C:\Users\huynh\Desktop\Jupyter\CatEmotionDetector\Cat Emotions.v1-test.folder\train\Happy\38_h_jpeg.rf.620b6ef5d732d4d3eba31c372f8da063.jpg,happy
C:\Users\huynh\Desktop\Jupyter\CatEmotionDetector\Cat Emotions.v1-test.folder\train\Happy\39_h_jpeg.rf.52a5af8def7fdf5d328cf555228e93e4.jpg,happy
C:\Users\huynh\Desktop\Jupyter\CatEmotionDetector\Cat Emotions.v1-test.folder\train\Happy\3_h_jpeg.rf.4fd7354cbbe2bee9bff01874c4c717c0.jpg,happy
C:\Users\huynh\Desktop\Jupyter\CatEmotionDetector\Cat Emotions.v1-test.folder\train\Happy\42_h_jpeg.rf.d901333e96deb7bb8773f68ce9dee096.jpg,happy
C:\Users\huynh\Desktop\Jupyter\CatEmotionDetector\Cat Emotions.v1-test.folder\train\Happy\44_h_jpeg.rf.c5fc6b069c28f1117b748b9a4a0e4ae2.jpg,happy
C:\Users\huynh\Desktop\Jupyter\CatEmotionDetector\Cat Emotions.v1-test.folder\train\Happy\45_h_jpeg.rf.36ccb60104f87561c8fa9b5f33cc4409.jpg,happy
C:\Users\huynh\Desktop\Jupyter\CatEmotionDetector\Cat Emotions.v1-test.folder\train\Happy\47_h_jpeg.rf.7785711a143a629c8ad3a973e2915bbd.jpg,happy
C:\Users\huynh\Desktop\Jupyter\CatEmotionDetector\Cat Emotions.v1-test.folder\train\Happy\48_h_jpeg.rf.9db7a66c12652e0d0b9928e24fc530b2.jpg,happy
C:\Users\huynh\Desktop\Jupyter\CatEmotionDetector\Cat Emotions.v1-test.folder\train\Happy\50_h_jpeg.rf.955765cefc26fe55c2d605662bf0fb06.jpg,happy
C:\Users\huynh\Desktop\Jupyter\CatEmotionDetector\Cat Emotions.v1-test.folder\train\Happy\51_h_jpeg.rf.b6612fadc362205f329e7f041b1e6cd7.jpg,happy
C:\Users\huynh\Desktop\Jupyter\CatEmotionDetector\Cat Emotions.v1-test.folder\train\Happy\53_h_jpeg.rf.b4a6e5447b43a4a26244e544d893380f.jpg,happy
C:\Users\huynh\Desktop\Jupyter\CatEmotionDetector\Cat Emotions.v1-test.folder\train\Happy\55_h_jpeg.rf.c55340fd4501687bc89c4aada281f37e.jpg,happy
C:\Users\huynh\Desktop\Jupyter\CatEmotionDetector\Cat Emotions.v1-test.folder\train\Happy\58_h_jpeg.rf.8affd10945effd71297bf792b27f5eb3.jpg,happy
C:\Users\huynh\Desktop\Jupyter\CatEmotionDetector\Cat Emotions.v1-test.folder\train\Happy\5_h_jpeg.rf.5c07859a504c64f19346ebcd1c3d9f97.jpg,happy
C:\Users\huynh\Desktop\Jupyter\CatEmotionDetector\Cat Emotions.v1-test.folder\train\Happy\60_h_jpeg.rf.2e03d57e768e75ef5afe463ab3e00056.jpg,happy
C:\Users\huynh\Desktop\Jupyter\CatEmotionDetector\Cat Emotions.v1-test.folder\train\Happy\63_h_jpeg.rf.b549a1932b5d89a76b5191a5979f155c.jpg,happy
C:\Users\huynh\Desktop\Jupyter\CatEmotionDetector\Cat Emotions.v1-test.folder\train\Happy\64_h_jpeg.rf.d80c525e21c79e6ca48f22113b8ee1d8.jpg,happy
C:\Users\huynh\Desktop\Jupyter\CatEmotionDetector\Cat Emotions.v1-test.folder\train\Happy\65_h_jpeg.rf.5a211d5a554839d79f381c75f3fe74bf.jpg,happy
C:\Users\huynh\Desktop\Jupyter\CatEmotionDetector\Cat Emotions.v1-test.folder\train\Happy\75_h_jpeg.rf.31daf01165c95b0f378b49e7ba0424db.jpg,happy
C:\Users\huynh\Desktop\Jupyter\CatEmotionDetector\Cat Emotions.v1-test.folder\train\Happy\77_h_jpeg.rf.3d96235940464096af9efdeeb0b298d4.jpg,happy
C:\Users\huynh\Desktop\Jupyter\CatEmotionDetector\Cat Emotions.v1-test.folder\train\Happy\79_h_jpeg.rf.51180b3b9cb96bac5dcfed20f0cf0f2f.jpg,happy
C:\Users\huynh\Desktop\Jupyter\CatEmotionDetector\Cat Emotions.v1-test.folder\train\Happy\7_h_jpeg.rf.fb0496118f94a94cb5d55ddf9c129e3b.jpg,happy
C:\Users\huynh\Desktop\Jupyter\CatEmotionDetector\Cat Emotions.v1-test.folder\train\Happy\80_h_jpeg.rf.814708ea0d3d2f78a26220d95593bb48.jpg,happy
C:\Users\huynh\Desktop\Jupyter\CatEmotionDetector\Cat Emotions.v1-test.folder\train\Happy\83_h_jpeg.rf.c48698822fbccf89350c8969704bdad2.jpg,happy
C:\Users\huynh\Desktop\Jupyter\CatEmotionDetector\Cat Emotions.v1-test.folder\train\Happy\89_h_jpeg.rf.0b8221885eaee91abf36fa6474b161dd.jpg,happy
C:\Users\huynh\Desktop\Jupyter\CatEmotionDetector\Cat Emotions.v1-test.folder\train\Happy\8_h_jpeg.rf.74d33d1372b66ed3ce8d0db52a46808b.jpg,happy
C:\Users\huynh\Desktop\Jupyter\CatEmotionDetector\Cat Emotions.v1-test.folder\train\Happy\90_h_jpeg.rf.a7b0544a95a9910f970ef01e9eb3e42a.jpg,happy
C:\Users\huynh\Desktop\Jupyter\CatEmotionDetector\Cat Emotions.v1-test.folder\train\Happy\91_h_jpeg.rf.4bb3eeb2db7e79d41a3da378ca806072.jpg,happy
C:\Users\huynh\Desktop\Jupyter\CatEmotionDetector\Cat Emotions.v1-test.folder\train\Happy\94_h_jpeg.rf.656121d782a1e14c71e7370b649db277.jpg,happy
C:\Users\huynh\Desktop\Jupyter\CatEmotionDetector\Cat Emotions.v1-test.folder\train\Happy\99_h_jpeg.rf.dd6174afa0e76b49eff00fc6315eb851.jpg,happy
C:\Users\huynh\Desktop\Jupyter\CatEmotionDetector\Cat Emotions.v1-test.folder\train\Sad\11_sad_jpeg.rf.5247bab9c8e2b92865330c125462424c.jpg,sad
C:\Users\huynh\Desktop\Jupyter\CatEmotionDetector\Cat Emotions.v1-test.folder\train\Sad\13_sad_jpeg.rf.21c45783d92142c1e77c9414e94ba282.jpg,sad
C:\Users\huynh\Desktop\Jupyter\CatEmotionDetector\Cat Emotions.v1-test.folder\train\Sad\17_sad_jpeg.rf.9228415b1216f232212204dfc5820e91.jpg,sad
C:\Users\huynh\Desktop\Jupyter\CatEmotionDetector\Cat Emotions.v1-test.folder\train\Sad\18_sad_jpeg.rf.e57ce907df8b70fc4e385b42a8d74063.jpg,sad
C:\Users\huynh\Desktop\Jupyter\CatEmotionDetector\Cat Emotions.v1-test.folder\train\Sad\1_sad_jpeg.rf.0f039ad451287966f0054cd22deb7244.jpg,sad
C:\Users\huynh\Desktop\Jupyter\CatEmotionDetector\Cat Emotions.v1-test.folder\train\Sad\20_sad_jpeg.rf.0352ccf689041eb2b4a17da3b4b8189c.jpg,sad
C:\Users\huynh\Desktop\Jupyter\CatEmotionDetector\Cat Emotions.v1-test.folder\train\Sad\22_sad_jpeg.rf.785fbd8ae1fa72f1b276577dafee5944.jpg,sad
C:\Users\huynh\Desktop\Jupyter\CatEmotionDetector\Cat Emotions.v1-test.folder\train\Sad\23_sad_jpeg.rf.ea38058ebf9c5c67c6692d842e7402c6.jpg,sad
C:\Users\huynh\Desktop\Jupyter\CatEmotionDetector\Cat Emotions.v1-test.folder\train\Sad\25_sad_jpeg.rf.041739c49bb4c88ff352a79f055e1357.jpg,sad
C:\Users\huynh\Desktop\Jupyter\CatEmotionDetector\Cat Emotions.v1-test.folder\train\Sad\26_sad_jpeg.rf.ae85207382d7dbe0e5a8674564df818e.jpg,sad
C:\Users\huynh\Desktop\Jupyter\CatEmotionDetector\Cat Emotions.v1-test.folder\train\Sad\27_sad_jpeg.rf.44fbec3fafe800dedc6fadf308677d74.jpg,sad
C:\Users\huynh\Desktop\Jupyter\CatEmotionDetector\Cat Emotions.v1-test.folder\train\Sad\30_sad_jpeg.rf.5c41c3538ccb0ccfea3724d0f069778c.jpg,sad
C:\Users\huynh\Desktop\Jupyter\CatEmotionDetector\Cat Emotions.v1-test.folder\train\Sad\32_sadv_jpeg.rf.adc36ccbe5fcae7b353124b51cf50b3b.jpg,sad
C:\Users\huynh\Desktop\Jupyter\CatEmotionDetector\Cat Emotions.v1-test.folder\train\Sad\33_sad_jpeg.rf.00350eadf2c046071a70a80684dd1935.jpg,sad
C:\Users\huynh\Desktop\Jupyter\CatEmotionDetector\Cat Emotions.v1-test.folder\train\Sad\34_sad_jpeg.rf.91a8f9eabe82e9853ab761ed602b5f49.jpg,sad
C:\Users\huynh\Desktop\Jupyter\CatEmotionDetector\Cat Emotions.v1-test.folder\train\Sad\35_sad_jpeg.rf.a931e1c3a499515fc4e27d02c0e27b3f.jpg,sad
C:\Users\huynh\Desktop\Jupyter\CatEmotionDetector\Cat Emotions.v1-test.folder\train\Sad\36_sad_jpeg.rf.4a5953ac92a69e69524e693151b62247.jpg,sad
C:\Users\huynh\Desktop\Jupyter\CatEmotionDetector\Cat Emotions.v1-test.folder\train\Sad\37_sad_jpeg.rf.48bbd5feae4111acca611248c6a64f84.jpg,sad
C:\Users\huynh\Desktop\Jupyter\CatEmotionDetector\Cat Emotions.v1-test.folder\train\Sad\38_sad_jpeg.rf.f4048e4e6a8a02a643f408ed3afbec5e.jpg,sad
C:\Users\huynh\Desktop\Jupyter\CatEmotionDetector\Cat Emotions.v1-test.folder\train\Sad\39_sad_jpeg.rf.568008bd14e876c257fbb7912d227dd7.jpg,sad
C:\Users\huynh\Desktop\Jupyter\CatEmotionDetector\Cat Emotions.v1-test.folder\train\Sad\42_sad_jpeg.rf.8f3aa5dab041af91d60fe6bf5eb401c5.jpg,sad
C:\Users\huynh\Desktop\Jupyter\CatEmotionDetector\Cat Emotions.v1-test.folder\train\Sad\44_sad_jpeg.rf.4bacb4980629bb06dd0cd72c3355521e.jpg,sad
C:\Users\huynh\Desktop\Jupyter\CatEmotionDetector\Cat Emotions.v1-test.folder\train\Sad\45_sad_jpeg.rf.0902a30394f267913347a0518e951b33.jpg,sad
C:\Users\huynh\Desktop\Jupyter\CatEmotionDetector\Cat Emotions.v1-test.folder\train\Sad\46_sad_jpeg.rf.680e15371506d92616d65e973f011486.jpg,sad
C:\Users\huynh\Desktop\Jupyter\CatEmotionDetector\Cat Emotions.v1-test.folder\train\Sad\47_sad_jpeg.rf.6e0037cada454c8ae6f4695c9d95a49d.jpg,sad
C:\Users\huynh\Desktop\Jupyter\CatEmotionDetector\Cat Emotions.v1-test.folder\train\Sad\49_sad_jpeg.rf.d625876622af5b80cdb87d0b593142e8.jpg,sad
C:\Users\huynh\Desktop\Jupyter\CatEmotionDetector\Cat Emotions.v1-test.folder\train\Sad\52_sad_jpeg.rf.4c200850ad056a69e2151e4e5844bf12.jpg,sad
C:\Users\huynh\Desktop\Jupyter\CatEmotionDetector\Cat Emotions.v1-test.folder\train\Sad\53_sad_jpeg.rf.0b56fd715adf60d99b3b221d5495cb6e.jpg,sad
C:\Users\huynh\Desktop\Jupyter\CatEmotionDetector\Cat Emotions.v1-test.folder\train\Sad\56_sad_jpeg.rf.700d025bc5857e65635a576be29ccc0a.jpg,sad
C:\Users\huynh\Desktop\Jupyter\CatEmotionDetector\Cat Emotions.v1-test.folder\train\Sad\57_sad_jpeg.rf.bfcd137eda01dc88701f4eb9857b4edf.jpg,sad
C:\Users\huynh\Desktop\Jupyter\CatEmotionDetector\Cat Emotions.v1-test.folder\train\Sad\58_sad_jpeg.rf.11988eb9ce373b8cf822ac1689e3c79b.jpg,sad
C:\Users\huynh\Desktop\Jupyter\CatEmotionDetector\Cat Emotions.v1-test.folder\train\Sad\60_sad_jpeg.rf.0e1d0298c78e9c665716a9260ff3145d.jpg,sad
C:\Users\huynh\Desktop\Jupyter\CatEmotionDetector\Cat Emotions.v1-test.folder\train\Sad\62_sad_jpeg.rf.d35c5afa73a568c8cf1be65b002bb9cd.jpg,sad
C:\Users\huynh\Desktop\Jupyter\CatEmotionDetector\Cat Emotions.v1-test.folder\train\Sad\63_sad_jpeg.rf.dc4181c66bbdbcebf7eef617c03e59ec.jpg,sad
C:\Users\huynh\Desktop\Jupyter\CatEmotionDetector\Cat Emotions.v1-test.folder\train\Sad\64_sad_jpeg.rf.fd6c4c823d8ce17c36df7ed8e1075aef.jpg,sad
C:\Users\huynh\Desktop\Jupyter\CatEmotionDetector\Cat Emotions.v1-test.folder\train\Sad\65_sad_jpeg.rf.b35b76736b5133738dea9fbad6ad05c7.jpg,sad
C:\Users\huynh\Desktop\Jupyter\CatEmotionDetector\Cat Emotions.v1-test.folder\train\Sad\66_sad_jpeg.rf.3ba9c707b5a034ff3f8fbe6193bfd79a.jpg,sad
C:\Users\huynh\Desktop\Jupyter\CatEmotionDetector\Cat Emotions.v1-test.folder\train\Sad\67_sad_jpeg.rf.88145e002620082c73a735b0ee04e64d.jpg,sad
C:\Users\huynh\Desktop\Jupyter\CatEmotionDetector\Cat Emotions.v1-test.folder\train\Sad\68_sad_jpeg.rf.5efdf548564307671c6990c7bd23013f.jpg,sad
C:\Users\huynh\Desktop\Jupyter\CatEmotionDetector\Cat Emotions.v1-test.folder\train\Sad\6_sad_jpeg.rf.d03ac5805f57d9ef2a4a5fcc7399df5a.jpg,sad
C:\Users\huynh\Desktop\Jupyter\CatEmotionDetector\Cat Emotions.v1-test.folder\train\Sad\74_sad_jpeg.rf.00c969a609f7fc55b175b99358bb8871.jpg,sad
C:\Users\huynh\Desktop\Jupyter\CatEmotionDetector\Cat Emotions.v1-test.folder\train\Sad\76_sad_jpeg.rf.f4db17b23dbee814a413f21b2a5254d0.jpg,sad
C:\Users\huynh\Desktop\Jupyter\CatEmotionDetector\Cat Emotions.v1-test.folder\train\Sad\77_sad_jpeg.rf.400afa8436361ebfda15c61a209f45fd.jpg,sad
C:\Users\huynh\Desktop\Jupyter\CatEmotionDetector\Cat Emotions.v1-test.folder\train\Sad\78_sad_jpeg.rf.4ee678697c2971181515702a6fd18cfd.jpg,sad
C:\Users\huynh\Desktop\Jupyter\CatEmotionDetector\Cat Emotions.v1-test.folder\train\Sad\79_sad_jpeg.rf.d9b7ab48cd3cc353dbecedc847a67912.jpg,sad
C:\Users\huynh\Desktop\Jupyter\CatEmotionDetector\Cat Emotions.v1-test.folder\train\Sad\7_sad_jpeg.rf.9ea5ef1128d7c804192763ebe922833a.jpg,sad
C:\Users\huynh\Desktop\Jupyter\CatEmotionDetector\Cat Emotions.v1-test.folder\train\Sad\80_sad_jpeg.rf.5c763444eebb40e07bda612e1df032ec.jpg,sad
C:\Users\huynh\Desktop\Jupyter\CatEmotionDetector\Cat Emotions.v1-test.folder\train\Sad\81_sad_jpeg.rf.5c6177086c148c6b3105f41a80be4a63.jpg,sad
C:\Users\huynh\Desktop\Jupyter\CatEmotionDetector\Cat Emotions.v1-test.folder\train\Sad\82_sad_jpeg.rf.ae1cab2ccdb3dbaf80280fb75904d6ee.jpg,sad
C:\Users\huynh\Desktop\Jupyter\CatEmotionDetector\Cat Emotions.v1-test.folder\train\Sad\84_sad_jpeg.rf.0140aef98f1dad48a95575ceed2a5fc5.jpg,sad
C:\Users\huynh\Desktop\Jupyter\CatEmotionDetector\Cat Emotions.v1-test.folder\train\Sad\85_sad_jpeg.rf.f0d6054cc326612c453109dd6ffea24e.jpg,sad
C:\Users\huynh\Desktop\Jupyter\CatEmotionDetector\Cat Emotions.v1-test.folder\train\Sad\86_sad_jpeg.rf.d8d6eb5c4cbae26107a8855c682ed8b5.jpg,sad
C:\Users\huynh\Desktop\Jupyter\CatEmotionDetector\Cat Emotions.v1-test.folder\train\Sad\87_sad_jpeg.rf.76416d988e7ff29dd3d507c202138b1b.jpg,sad
C:\Users\huynh\Desktop\Jupyter\CatEmotionDetector\Cat Emotions.v1-test.folder\train\Sad\88_sad_jpeg.rf.c7f654f000214d579ef739f70a1e28ec.jpg,sad
C:\Users\huynh\Desktop\Jupyter\CatEmotionDetector\Cat Emotions.v1-test.folder\train\Sad\89_sad_jpeg.rf.502ddc99ee027c596ffc7b453fcbadbc.jpg,sad
C:\Users\huynh\Desktop\Jupyter\CatEmotionDetector\Cat Emotions.v1-test.folder\train\Sad\8_sad_jpeg.rf.0901957e887b9b8525f1e008849a57d6.jpg,sad
C:\Users\huynh\Desktop\Jupyter\CatEmotionDetector\Cat Emotions.v1-test.folder\train\Sad\92_sad_jpeg.rf.41a093c73d28a7e0300a33fedbbff977.jpg,sad
C:\Users\huynh\Desktop\Jupyter\CatEmotionDetector\Cat Emotions.v1-test.folder\train\Sad\94_sad_jpeg.rf.81cde6f3deffa2c5ee4539f56128c5a5.jpg,sad
C:\Users\huynh\Desktop\Jupyter\CatEmotionDetector\Cat Emotions.v1-test.folder\train\Sad\95_sad_jpeg.rf.c26f319869845dfd41d7b5766d93e8fb.jpg,sad
C:\Users\huynh\Desktop\Jupyter\CatEmotionDetector\Cat Emotions.v1-test.folder\train\Sad\96_sad_jpeg.rf.75bafcc5280b64a0d7babf1fa5d20b93.jpg,sad
C:\Users\huynh\Desktop\Jupyter\CatEmotionDetector\Cat Emotions.v1-test.folder\train\Sad\97_sad_jpeg.rf.f719b8daf7fd27cacd61f5810394100e.jpg,sad
C:\Users\huynh\Desktop\Jupyter\CatEmotionDetector\Cat Emotions.v1-test.folder\train\Sad\99_sad_jpeg.rf.690376b52f8711b7321b2bf67e2a87b3.jpg,sad
C:\Users\huynh\Desktop\Jupyter\CatEmotionDetector\Cat Emotions.v1-test.folder\train\Sad\9_sad_jpeg.rf.6588c43a379db0e8d652493d24972119.jpg,sad
C:\Users\huynh\Desktop\Jupyter\CatEmotionDetector\Cat Emotions.v1-test.folder\valid\Angry\17_a_jpeg.rf.a7dfe352c2af10c00b0c88ff9bc0cfb0.jpg,angry
C:\Users\huynh\Desktop\Jupyter\CatEmotionDetector\Cat Emotions.v1-test.folder\valid\Angry\19_a_jpeg.rf.d7de7f3adcd19929d1b186a22a067256.jpg,angry
C:\Users\huynh\Desktop\Jupyter\CatEmotionDetector\Cat Emotions.v1-test.folder\valid\Angry\20_a_jpeg.rf.674b8422d803059aee5a9d291e137840.jpg,angry
C:\Users\huynh\Desktop\Jupyter\CatEmotionDetector\Cat Emotions.v1-test.folder\valid\Angry\24_a_jpeg.rf.93b748f30152dad84cebb3cabe7256ca.jpg,angry
C:\Users\huynh\Desktop\Jupyter\CatEmotionDetector\Cat Emotions.v1-test.folder\valid\Angry\25_a_jpeg.rf.7b2dc14f89acf32e33f862fa38fac281.jpg,angry
C:\Users\huynh\Desktop\Jupyter\CatEmotionDetector\Cat Emotions.v1-test.folder\valid\Angry\29_a_jpeg.rf.bf430fc89e3bc73f107a75cbf8accac8.jpg,angry
C:\Users\huynh\Desktop\Jupyter\CatEmotionDetector\Cat Emotions.v1-test.folder\valid\Angry\33_a_jpeg.rf.c50ce4e65706e373d737d8bd3e0bf044.jpg,angry
C:\Users\huynh\Desktop\Jupyter\CatEmotionDetector\Cat Emotions.v1-test.folder\valid\Angry\39_a_jpeg.rf.b7f6a7f2dee2b56a4c28a958d3c70505.jpg,angry
C:\Users\huynh\Desktop\Jupyter\CatEmotionDetector\Cat Emotions.v1-test.folder\valid\Angry\3_a_jpeg.rf.ff4a4f29ffe695e48b8f78a0894c9565.jpg,angry
C:\Users\huynh\Desktop\Jupyter\CatEmotionDetector\Cat Emotions.v1-test.folder\valid\Angry\43_a_jpeg.rf.8e75032f0bc4dd44647c2fe94c02a43b.jpg,angry
C:\Users\huynh\Desktop\Jupyter\CatEmotionDetector\Cat Emotions.v1-test.folder\valid\Angry\47_a_jpeg.rf.9fcfd549b2004a490a427e04cde60f80.jpg,angry
C:\Users\huynh\Desktop\Jupyter\CatEmotionDetector\Cat Emotions.v1-test.folder\valid\Angry\48_a_jpeg.rf.5aa7799d3165a63c787d21d20b8a857b.jpg,angry
C:\Users\huynh\Desktop\Jupyter\CatEmotionDetector\Cat Emotions.v1-test.folder\valid\Angry\49_a_jpeg.rf.044cb9087ca07a62b63f2adcd505d147.jpg,angry
C:\Users\huynh\Desktop\Jupyter\CatEmotionDetector\Cat Emotions.v1-test.folder\valid\Angry\51_a_jpeg.rf.c40da64f28e4bd0f2eebe5f3cb075728.jpg,angry
C:\Users\huynh\Desktop\Jupyter\CatEmotionDetector\Cat Emotions.v1-test.folder\valid\Angry\53_a_jpeg.rf.683acabe52f2f3a0edf19374ee2e5591.jpg,angry
C:\Users\huynh\Desktop\Jupyter\CatEmotionDetector\Cat Emotions.v1-test.folder\valid\Angry\55_a_jpeg.rf.22247ed44dc713bc617c689db6968edf.jpg,angry
C:\Users\huynh\Desktop\Jupyter\CatEmotionDetector\Cat Emotions.v1-test.folder\valid\Angry\56_a_jpeg.rf.7fc67b2ba163d6d8295bd35255321810.jpg,angry
C:\Users\huynh\Desktop\Jupyter\CatEmotionDetector\Cat Emotions.v1-test.folder\valid\Angry\71_a_jpeg.rf.f9e9d5c507fd9e3b663a5f8e68dc495a.jpg,angry
C:\Users\huynh\Desktop\Jupyter\CatEmotionDetector\Cat Emotions.v1-test.folder\valid\Angry\74_a_jpeg.rf.f2e27e48c517072f2d0326baa37909ff.jpg,angry
C:\Users\huynh\Desktop\Jupyter\CatEmotionDetector\Cat Emotions.v1-test.folder\valid\Angry\78_a_jpeg.rf.1c6eff31ed2828a01a7e0301bddb59de.jpg,angry
C:\Users\huynh\Desktop\Jupyter\CatEmotionDetector\Cat Emotions.v1-test.folder\valid\Angry\83_a_jpeg.rf.11d559289f2c31e7e93fe76dd203854c.jpg,angry
C:\Users\huynh\Desktop\Jupyter\CatEmotionDetector\Cat Emotions.v1-test.folder\valid\Angry\85_a_jpeg.rf.7d473a6dfdbed814b60a080adec3478a.jpg,angry
C:\Users\huynh\Desktop\Jupyter\CatEmotionDetector\Cat Emotions.v1-test.folder\valid\Angry\95_a_jpeg.rf.55ab79180d0462cfcbb56ef49ae49e3e.jpg,angry
C:\Users\huynh\Desktop\Jupyter\CatEmotionDetector\Cat Emotions.v1-test.folder\valid\Angry\98_a_jpeg.rf.6a8ae751e28b55fc49246be6bac49631.jpg,angry
C:\Users\huynh\Desktop\Jupyter\CatEmotionDetector\Cat Emotions.v1-test.folder\valid\Happy\10_h_jpeg.rf.1ab362f340524f4490188b73e9551357.jpg,happy
C:\Users\huynh\Desktop\Jupyter\CatEmotionDetector\Cat Emotions.v1-test.folder\valid\Happy\11_h_jpeg.rf.b43139316c03dc5d6b39a2888bebe618.jpg,happy
C:\Users\huynh\Desktop\Jupyter\CatEmotionDetector\Cat Emotions.v1-test.folder\valid\Happy\12_h_jpeg.rf.d10db8b8f811e80ff9eeaa32035adb72.jpg,happy
C:\Users\huynh\Desktop\Jupyter\CatEmotionDetector\Cat Emotions.v1-test.folder\valid\Happy\15_h_jpeg.rf.37aa6f830e752a9236ce658c437eabd9.jpg,happy
C:\Users\huynh\Desktop\Jupyter\CatEmotionDetector\Cat Emotions.v1-test.folder\valid\Happy\17_h_jpeg.rf.cc59de9d2a0ef2f84705a57dcaa06ea7.jpg,happy
C:\Users\huynh\Desktop\Jupyter\CatEmotionDetector\Cat Emotions.v1-test.folder\valid\Happy\23_h_jpeg.rf.984b2bd9fafee903ebbbb560c1d0b278.jpg,happy
C:\Users\huynh\Desktop\Jupyter\CatEmotionDetector\Cat Emotions.v1-test.folder\valid\Happy\24_h_jpeg.rf.c954d66f0ba17bbc08d156b5d55dbd37.jpg,happy
C:\Users\huynh\Desktop\Jupyter\CatEmotionDetector\Cat Emotions.v1-test.folder\valid\Happy\34_h_jpeg.rf.3b32221dbb29a79045238406c5637552.jpg,happy
C:\Users\huynh\Desktop\Jupyter\CatEmotionDetector\Cat Emotions.v1-test.folder\valid\Happy\35_h_jpeg.rf.672898905f953f5c5a0dab9ed121b690.jpg,happy
C:\Users\huynh\Desktop\Jupyter\CatEmotionDetector\Cat Emotions.v1-test.folder\valid\Happy\36_h_jpeg.rf.0721d5abf6cd7b7b4c81a68bc0277093.jpg,happy
C:\Users\huynh\Desktop\Jupyter\CatEmotionDetector\Cat Emotions.v1-test.folder\valid\Happy\40_h_jpeg.rf.e9f52f7262154ec9c0c472dd215b5f24.jpg,happy
C:\Users\huynh\Desktop\Jupyter\CatEmotionDetector\Cat Emotions.v1-test.folder\valid\Happy\41_h_jpeg.rf.78a8418a2eb4bcab85a4604853638f81.jpg,happy
C:\Users\huynh\Desktop\Jupyter\CatEmotionDetector\Cat Emotions.v1-test.folder\valid\Happy\46_h_jpeg.rf.d4f32f257209b28df22314e64e229879.jpg,happy
C:\Users\huynh\Desktop\Jupyter\CatEmotionDetector\Cat Emotions.v1-test.folder\valid\Happy\49_h_jpeg.rf.5634efed0d030de1949c6f79bb10df4a.jpg,happy
C:\Users\huynh\Desktop\Jupyter\CatEmotionDetector\Cat Emotions.v1-test.folder\valid\Happy\67_h_jpeg.rf.52a1d8a7118081a7a9f89251c8f2bf07.jpg,happy
C:\Users\huynh\Desktop\Jupyter\CatEmotionDetector\Cat Emotions.v1-test.folder\valid\Happy\69_h_jpeg.rf.56e3f489e8e9bd47fe6d8116d31519d5.jpg,happy
C:\Users\huynh\Desktop\Jupyter\CatEmotionDetector\Cat Emotions.v1-test.folder\valid\Happy\6_h_jpeg.rf.a0860ff0dd602ad3bfe6ced294bdc811.jpg,happy
C:\Users\huynh\Desktop\Jupyter\CatEmotionDetector\Cat Emotions.v1-test.folder\valid\Happy\70_h_jpeg.rf.e68ca763ae6ab94647eccdc4d3edf9ac.jpg,happy
C:\Users\huynh\Desktop\Jupyter\CatEmotionDetector\Cat Emotions.v1-test.folder\valid\Happy\71_h_jpeg.rf.f194e921d4f8b7fd3a20e84e52f93e8e.jpg,happy
C:\Users\huynh\Desktop\Jupyter\CatEmotionDetector\Cat Emotions.v1-test.folder\valid\Happy\72_h_jpeg.rf.a1a1671e214da974fdf1f73973cbf459.jpg,happy
C:\Users\huynh\Desktop\Jupyter\CatEmotionDetector\Cat Emotions.v1-test.folder\valid\Happy\81_h_jpeg.rf.2b49507f0de9119a18854a639b200c0b.jpg,happy
C:\Users\huynh\Desktop\Jupyter\CatEmotionDetector\Cat Emotions.v1-test.folder\valid\Happy\82_h_jpeg.rf.9982f1408a36e3ab4e23e57f277e13ec.jpg,happy
C:\Users\huynh\Desktop\Jupyter\CatEmotionDetector\Cat Emotions.v1-test.folder\valid\Happy\84_h_jpeg.rf.06669ec80a10a1c1d8b637bde2558b69.jpg,happy
C:\Users\huynh\Desktop\Jupyter\CatEmotionDetector\Cat Emotions.v1-test.folder\valid\Happy\85_h_jpeg.rf.815a5da4ca639c3ff7f592eaa186327f.jpg,happy
C:\Users\huynh\Desktop\Jupyter\CatEmotionDetector\Cat Emotions.v1-test.folder\valid\Happy\86_h_jpeg.rf.788a7e799b35b46637f3bd1170ab80c1.jpg,happy
C:\Users\huynh\Desktop\Jupyter\CatEmotionDetector\Cat Emotions.v1-test.folder\valid\Happy\87_h_jpeg.rf.a5be34352bb3aeec120779cbd130c91a.jpg,happy
C:\Users\huynh\Desktop\Jupyter\CatEmotionDetector\Cat Emotions.v1-test.folder\valid\Happy\96_h_jpeg.rf.d156f5190e42b2268649cc5bc0e2d385.jpg,happy
C:\Users\huynh\Desktop\Jupyter\CatEmotionDetector\Cat Emotions.v1-test.folder\valid\Happy\97_h_jpeg.rf.40cce7cd3736b840636a198607e61c29.jpg,happy
C:\Users\huynh\Desktop\Jupyter\CatEmotionDetector\Cat Emotions.v1-test.folder\valid\Happy\98_h_jpeg.rf.f5459f05da216f6dbca9bee1116871a3.jpg,happy
C:\Users\huynh\Desktop\Jupyter\CatEmotionDetector\Cat Emotions.v1-test.folder\valid\Sad\100_sad_jpeg.rf.da7f1bba5f24e4779d45d53fa7197046.jpg,sad
C:\Users\huynh\Desktop\Jupyter\CatEmotionDetector\Cat Emotions.v1-test.folder\valid\Sad\10_sad_jpeg.rf.9e27a3490a430ddc1d756a59b687651c.jpg,sad
C:\Users\huynh\Desktop\Jupyter\CatEmotionDetector\Cat Emotions.v1-test.folder\valid\Sad\12_sad_jpeg.rf.3cff8d21a2f5c47ec404c3b65cb73ba2.jpg,sad
C:\Users\huynh\Desktop\Jupyter\CatEmotionDetector\Cat Emotions.v1-test.folder\valid\Sad\14_sad_jpeg.rf.6bef37c9ed5a358cb8cfb3af91d602a7.jpg,sad
C:\Users\huynh\Desktop\Jupyter\CatEmotionDetector\Cat Emotions.v1-test.folder\valid\Sad\15_sad_jpeg.rf.07fa0d825d5ac57dc32f7832b3acfd3a.jpg,sad
C:\Users\huynh\Desktop\Jupyter\CatEmotionDetector\Cat Emotions.v1-test.folder\valid\Sad\16_sad_jpeg.rf.162d22ba692a7216bb6f5ea0a36a5983.jpg,sad
C:\Users\huynh\Desktop\Jupyter\CatEmotionDetector\Cat Emotions.v1-test.folder\valid\Sad\19_sad_jpeg.rf.bed096c234391b2851b9cc75e2c9bf9d.jpg,sad
C:\Users\huynh\Desktop\Jupyter\CatEmotionDetector\Cat Emotions.v1-test.folder\valid\Sad\21_sad_jpeg.rf.c8774ee518d9e658daaad591a50d1c59.jpg,sad
C:\Users\huynh\Desktop\Jupyter\CatEmotionDetector\Cat Emotions.v1-test.folder\valid\Sad\24_sad_jpeg.rf.7a2f16eb290e2cf57aea4ca4e4d0d671.jpg,sad
C:\Users\huynh\Desktop\Jupyter\CatEmotionDetector\Cat Emotions.v1-test.folder\valid\Sad\28_sad_jpeg.rf.dc77d9db076bf0a75bca0a119efc5eab.jpg,sad
C:\Users\huynh\Desktop\Jupyter\CatEmotionDetector\Cat Emotions.v1-test.folder\valid\Sad\29_sad_jpeg.rf.80cfd53564ac9a79e9cc0e2dc65ba25a.jpg,sad
C:\Users\huynh\Desktop\Jupyter\CatEmotionDetector\Cat Emotions.v1-test.folder\valid\Sad\2_sad_jpeg.rf.59a28ea04a52a085bb90146f0e546eac.jpg,sad
C:\Users\huynh\Desktop\Jupyter\CatEmotionDetector\Cat Emotions.v1-test.folder\valid\Sad\31_sad_jpeg.rf.0950c28649a19cc6c8b12b3d53804ca4.jpg,sad
C:\Users\huynh\Desktop\Jupyter\CatEmotionDetector\Cat Emotions.v1-test.folder\valid\Sad\3_sad_jpeg.rf.8ddee30ab8d509cdacb64ad8d4142ce1.jpg,sad
C:\Users\huynh\Desktop\Jupyter\CatEmotionDetector\Cat Emotions.v1-test.folder\valid\Sad\40_sad_jpeg.rf.f53e8c660d05b53b157d96d26450a2d5.jpg,sad
C:\Users\huynh\Desktop\Jupyter\CatEmotionDetector\Cat Emotions.v1-test.folder\valid\Sad\41_sad_jpeg.rf.0ab665204fea17657fbd0562c88c7b69.jpg,sad
C:\Users\huynh\Desktop\Jupyter\CatEmotionDetector\Cat Emotions.v1-test.folder\valid\Sad\48_sad_jpeg.rf.73bb0b9be4884d9abdcab77480c8f8a3.jpg,sad
C:\Users\huynh\Desktop\Jupyter\CatEmotionDetector\Cat Emotions.v1-test.folder\valid\Sad\4_sad_jpeg.rf.9db7e0c88ce0663fe23201e4caa6399d.jpg,sad
C:\Users\huynh\Desktop\Jupyter\CatEmotionDetector\Cat Emotions.v1-test.folder\valid\Sad\50_sad_jpeg.rf.470e3ec73752a5dd6b6fc0f90e1debcc.jpg,sad
C:\Users\huynh\Desktop\Jupyter\CatEmotionDetector\Cat Emotions.v1-test.folder\valid\Sad\51_sad_jpeg.rf.c2632e189ceac046c300df040c241a6b.jpg,sad
C:\Users\huynh\Desktop\Jupyter\CatEmotionDetector\Cat Emotions.v1-test.folder\valid\Sad\54_sad_jpeg.rf.bd357dab062162f6aac421e7003d1e2b.jpg,sad
C:\Users\huynh\Desktop\Jupyter\CatEmotionDetector\Cat Emotions.v1-test.folder\valid\Sad\55_sad_jpeg.rf.2fab66099ededaab93891a3ffc873bcd.jpg,sad
C:\Users\huynh\Desktop\Jupyter\CatEmotionDetector\Cat Emotions.v1-test.folder\valid\Sad\59_sad_jpeg.rf.2d60f687bac582359344b56ef2374d8e.jpg,sad
C:\Users\huynh\Desktop\Jupyter\CatEmotionDetector\Cat Emotions.v1-test.folder\valid\Sad\5_sad_jpeg.rf.4b7903a9d934ae9355d8e1e698ce585a.jpg,sad
C:\Users\huynh\Desktop\Jupyter\CatEmotionDetector\Cat Emotions.v1-test.folder\valid\Sad\61_sad_jpeg.rf.9b02005a3f6b68aa881d238e545b743b.jpg,sad
C:\Users\huynh\Desktop\Jupyter\CatEmotionDetector\Cat Emotions.v1-test.folder\valid\Sad\69_sad_jpeg.rf.e01e420b68cf1c3a803a5d9997811ef7.jpg,sad
C:\Users\huynh\Desktop\Jupyter\CatEmotionDetector\Cat Emotions.v1-test.folder\valid\Sad\70_sad_jpeg.rf.8575fed08ebcb5c75c41a9499eb12afb.jpg,sad
C:\Users\huynh\Desktop\Jupyter\CatEmotionDetector\Cat Emotions.v1-test.folder\valid\Sad\71_sad_jpeg.rf.3e14191c7b900baad413592d87fdcde7.jpg,sad
C:\Users\huynh\Desktop\Jupyter\CatEmotionDetector\Cat Emotions.v1-test.folder\valid\Sad\72_sad_jpeg.rf.18aefe8d7cd1d4b2004f0ba173f9a596.jpg,sad
C:\Users\huynh\Desktop\Jupyter\CatEmotionDetector\Cat Emotions.v1-test.folder\valid\Sad\73_sad_jpeg.rf.e08272621c129c1242f85102fb4d65ed.jpg,sad
C:\Users\huynh\Desktop\Jupyter\CatEmotionDetector\Cat Emotions.v1-test.folder\valid\Sad\75_sad_jpeg.rf.3c24552a2769ac6ff7f8dadc60a19650.jpg,sad
C:\Users\huynh\Desktop\Jupyter\CatEmotionDetector\Cat Emotions.v1-test.folder\valid\Sad\83_sad_jpeg.rf.3bd9d2d31fb09738f9864b5147d29bfc.jpg,sad
C:\Users\huynh\Desktop\Jupyter\CatEmotionDetector\Cat Emotions.v1-test.folder\valid\Sad\90_sad_jpeg.rf.5a4ce098d31b0dcb7a54e6ac619bca17.jpg,sad
C:\Users\huynh\Desktop\Jupyter\CatEmotionDetector\Cat Emotions.v1-test.folder\valid\Sad\91_sad_jpeg.rf.d7a67e09dced54350d1b6444cf8e14f7.jpg,sad
C:\Users\huynh\Desktop\Jupyter\CatEmotionDetector\Cat Emotions.v1-test.folder\valid\Sad\98_sad_jpeg.rf.e14d4b331eaeffa79684d396a7e4cec1.jpg,sad
C:\Users\huynh\Desktop\Jupyter\CatEmotionDetector\Cat Emotions.v2i.folder\train\angry\00000001_000_png.rf.cca08f4f5119ce1d349b132ac138f63b.jpg,angry
C:\Users\huynh\Desktop\Jupyter\CatEmotionDetector\Cat Emotions.v2i.folder\train\angry\00000024_029_png.rf.90c2666d31c4aad2f4859e8f3c2dd9b3.jpg,angry
C:\Users\huynh\Desktop\Jupyter\CatEmotionDetector\Cat Emotions.v2i.folder\train\angry\00000026_001_png.rf.9edf2d06b7ffe0336be52e27f8be02db.jpg,angry
C:\Users\huynh\Desktop\Jupyter\CatEmotionDetector\Cat Emotions.v2i.folder\train\angry\00000030_028_png.rf.c26fb3b61f9fa2eb342c54c6fddf9d9a.jpg,angry
C:\Users\huynh\Desktop\Jupyter\CatEmotionDetector\Cat Emotions.v2i.folder\train\angry\00000030_029_png.rf.3f87e6e9512fd842802f3054a7040e2a.jpg,angry
C:\Users\huynh\Desktop\Jupyter\CatEmotionDetector\Cat Emotions.v2i.folder\train\angry\00000032_015_png.rf.45ab8705d04a9c00024f9559722fe510.jpg,angry
C:\Users\huynh\Desktop\Jupyter\CatEmotionDetector\Cat Emotions.v2i.folder\train\angry\00000036_016_png.rf.e95ba9ebb8658cfe7de7dfc80d7e8901.jpg,angry
C:\Users\huynh\Desktop\Jupyter\CatEmotionDetector\Cat Emotions.v2i.folder\train\angry\00000036_024_png.rf.d1d79b04d6e17ea410b876a14d953f2f.jpg,angry
C:\Users\huynh\Desktop\Jupyter\CatEmotionDetector\Cat Emotions.v2i.folder\train\angry\00000041_001_png.rf.bac9d440ec7ebea223478ed0cd1bf3b3.jpg,angry
C:\Users\huynh\Desktop\Jupyter\CatEmotionDetector\Cat Emotions.v2i.folder\train\angry\00000041_003_png.rf.a36494f59e4da1e118eab4bc9d33ed82.jpg,angry
C:\Users\huynh\Desktop\Jupyter\CatEmotionDetector\Cat Emotions.v2i.folder\train\angry\00000070_013_png.rf.ee85bb5bfb4bea918722c19664a83210.jpg,angry
C:\Users\huynh\Desktop\Jupyter\CatEmotionDetector\Cat Emotions.v2i.folder\train\angry\00000303_013_png.rf.279962e814dc20429b2d0267264c58d3.jpg,angry
C:\Users\huynh\Desktop\Jupyter\CatEmotionDetector\Cat Emotions.v2i.folder\train\angry\00000323_019_png.rf.f26b81630655ab26bc68e78ba60b88d8.jpg,angry
C:\Users\huynh\Desktop\Jupyter\CatEmotionDetector\Cat Emotions.v2i.folder\train\angry\00000337_022_png.rf.6a5e3f981f92b83e6554f5d6e409f5d9.jpg,angry
C:\Users\huynh\Desktop\Jupyter\CatEmotionDetector\Cat Emotions.v2i.folder\train\angry\00000340_014_png.rf.9d1039c3529fbeb6c6d389c32ddcfef0.jpg,angry
C:\Users\huynh\Desktop\Jupyter\CatEmotionDetector\Cat Emotions.v2i.folder\train\angry\00000342_015_png.rf.779272a57cf4e0de602c969fe2c15193.jpg,angry
C:\Users\huynh\Desktop\Jupyter\CatEmotionDetector\Cat Emotions.v2i.folder\train\angry\00000346_029_png.rf.37b031035282b8df04f6742f0de4291e.jpg,angry
C:\Users\huynh\Desktop\Jupyter\CatEmotionDetector\Cat Emotions.v2i.folder\train\angry\00000353_007_png.rf.c1da7971ff426b8ff771f3188dc1b488.jpg,angry
C:\Users\huynh\Desktop\Jupyter\CatEmotionDetector\Cat Emotions.v2i.folder\train\angry\00000355_000_png.rf.cba26e02ae03efce52a347d59d4aa23f.jpg,angry
C:\Users\huynh\Desktop\Jupyter\CatEmotionDetector\Cat Emotions.v2i.folder\train\angry\00000355_017_png.rf.2b10247e25fdc91ff2ff0757d32f7359.jpg,angry
C:\Users\huynh\Desktop\Jupyter\CatEmotionDetector\Cat Emotions.v2i.folder\train\angry\00000360_014_png.rf.4557894395a3522871440a49765b45ac.jpg,angry
C:\Users\huynh\Desktop\Jupyter\CatEmotionDetector\Cat Emotions.v2i.folder\train\angry\00000390_001_png.rf.ed0cf00d255911c50f2369bc9b37dcf5.jpg,angry
C:\Users\huynh\Desktop\Jupyter\CatEmotionDetector\Cat Emotions.v2i.folder\train\angry\00000395_007_png.rf.f282793bc714b07b585bba172e67fb66.jpg,angry
C:\Users\huynh\Desktop\Jupyter\CatEmotionDetector\Cat Emotions.v2i.folder\train\angry\00000398_003_png.rf.98140eecb2ea8505984d883533122ac8.jpg,angry
C:\Users\huynh\Desktop\Jupyter\CatEmotionDetector\Cat Emotions.v2i.folder\train\angry\00000401_024_png.rf.5ec1f11c1b5f22c70c5180185c40e2ed.jpg,angry
C:\Users\huynh\Desktop\Jupyter\CatEmotionDetector\Cat Emotions.v2i.folder\train\angry\00000431_003_png.rf.84fcda48c3143801ca17efd1c23764e5.jpg,angry
C:\Users\huynh\Desktop\Jupyter\CatEmotionDetector\Cat Emotions.v2i.folder\train\angry\00000432_022_png.rf.a9d03b9378e29454882be317740999f4.jpg,angry
C:\Users\huynh\Desktop\Jupyter\CatEmotionDetector\Cat Emotions.v2i.folder\train\angry\00000437_002_png.rf.f6e5c5241852a840a302d04a2cd8b0e2.jpg,angry
C:\Users\huynh\Desktop\Jupyter\CatEmotionDetector\Cat Emotions.v2i.folder\train\angry\00000452_021_png.rf.eb336931e228629ccdae6ff7bac9f02a.jpg,angry
C:\Users\huynh\Desktop\Jupyter\CatEmotionDetector\Cat Emotions.v2i.folder\train\angry\00000453_027_png.rf.644013f55296f84bba80281e37f2f242.jpg,angry
C:\Users\huynh\Desktop\Jupyter\CatEmotionDetector\Cat Emotions.v2i.folder\train\angry\00000454_005_png.rf.cdb03c621a3ebd0dfdab2fff0c9f6fa8.jpg,angry
C:\Users\huynh\Desktop\Jupyter\CatEmotionDetector\Cat Emotions.v2i.folder\train\angry\CAT_01_00000103_003_png.rf.555551715cf4b8259d6045ed25721fe0.jpg,angry
C:\Users\huynh\Desktop\Jupyter\CatEmotionDetector\Cat Emotions.v2i.folder\train\angry\CAT_01_00000103_019_png.rf.13f02231c1ad47997f5e49aafa5f3d95.jpg,angry
C:\Users\huynh\Desktop\Jupyter\CatEmotionDetector\Cat Emotions.v2i.folder\train\angry\CAT_01_00000105_029_png.rf.4000998ea4c121893a6efe3f7e0a644b.jpg,angry
C:\Users\huynh\Desktop\Jupyter\CatEmotionDetector\Cat Emotions.v2i.folder\train\angry\CAT_01_00000133_023_png.rf.ac75b9d53595d24842c01726add16e64.jpg,angry
C:\Users\huynh\Desktop\Jupyter\CatEmotionDetector\Cat Emotions.v2i.folder\train\angry\CAT_01_00000158_017_png.rf.73976bf3fd700b20dc4a609ed57b268b.jpg,angry
C:\Users\huynh\Desktop\Jupyter\CatEmotionDetector\Cat Emotions.v2i.folder\train\angry\CAT_01_00000162_029_png.rf.dec3e4209d548be482dd0fa4750fbc03.jpg,angry
C:\Users\huynh\Desktop\Jupyter\CatEmotionDetector\Cat Emotions.v2i.folder\train\angry\CAT_01_00000179_015_png.rf.6a4c7c4a685e2870569a3c14465c8c0e.jpg,angry
C:\Users\huynh\Desktop\Jupyter\CatEmotionDetector\Cat Emotions.v2i.folder\train\sad\00000003_012_png.rf.662157b641c7939fbd09328a142ed966.jpg,sad
C:\Users\huynh\Desktop\Jupyter\CatEmotionDetector\Cat Emotions.v2i.folder\train\sad\00000011_023_png.rf.803932b83eebb4473192de05848e9f16.jpg,sad
C:\Users\huynh\Desktop\Jupyter\CatEmotionDetector\Cat Emotions.v2i.folder\train\sad\00000022_021_png.rf.85f2cb22a37c6d9300d7f3d48a1d7fb0.jpg,sad
C:\Users\huynh\Desktop\Jupyter\CatEmotionDetector\Cat Emotions.v2i.folder\train\sad\00000023_005_png.rf.30e93e2d3461cf02f258ae6e8c464ae5.jpg,sad
C:\Users\huynh\Desktop\Jupyter\CatEmotionDetector\Cat Emotions.v2i.folder\train\sad\00000029_003_png.rf.c41dbf27a79f5a35eb3afc3ee9ff2c9e.jpg,sad
C:\Users\huynh\Desktop\Jupyter\CatEmotionDetector\Cat Emotions.v2i.folder\train\sad\00000041_012_png.rf.e8a915e4724adaacf84a98df1b7ab8b1.jpg,sad
C:\Users\huynh\Desktop\Jupyter\CatEmotionDetector\Cat Emotions.v2i.folder\train\sad\00000056_022_png.rf.3ea5743ff85c508822f2cd5bc3e9aa9b.jpg,sad
C:\Users\huynh\Desktop\Jupyter\CatEmotionDetector\Cat Emotions.v2i.folder\train\sad\00000076_013_png.rf.d39622a53ff0eb552b61a608d3b266de.jpg,sad
C:\Users\huynh\Desktop\Jupyter\CatEmotionDetector\Cat Emotions.v2i.folder\train\sad\00000079_005_png.rf.0d89be542c9ab295a517349705badd7c.jpg,sad
C:\Users\huynh\Desktop\Jupyter\CatEmotionDetector\Cat Emotions.v2i.folder\train\sad\00000085_020_png.rf.17b6ed11193206f4c0a390b515f269b0.jpg,sad
C:\Users\huynh\Desktop\Jupyter\CatEmotionDetector\Cat Emotions.v2i.folder\train\sad\00000098_007_png.rf.8aa75374391db32efb08fb48f2d435fe.jpg,sad
C:\Users\huynh\Desktop\Jupyter\CatEmotionDetector\Cat Emotions.v2i.folder\train\sad\00000301_016_png.rf.888c914c4d4b3e8227c9f1ebea06f8a2.jpg,sad
C:\Users\huynh\Desktop\Jupyter\CatEmotionDetector\Cat Emotions.v2i.folder\train\sad\00000304_018_png.rf.ad325d92a3000f3b2717761b5eb4bf7f.jpg,sad
C:\Users\huynh\Desktop\Jupyter\CatEmotionDetector\Cat Emotions.v2i.folder\train\sad\00000317_020_png.rf.cc78271788733f870952d45b8bfc8b78.jpg,sad
C:\Users\huynh\Desktop\Jupyter\CatEmotionDetector\Cat Emotions.v2i.folder\train\sad\00000322_001_png.rf.0ddde059cdb541a4ca1d9398ac6a5bc3.jpg,sad
C:\Users\huynh\Desktop\Jupyter\CatEmotionDetector\Cat Emotions.v2i.folder\train\sad\00000322_013_png.rf.69cd9dadb74dd3e26cfb5872e180d10b.jpg,sad
C:\Users\huynh\Desktop\Jupyter\CatEmotionDetector\Cat Emotions.v2i.folder\train\sad\00000322_015_png.rf.ae59424bda38ffd44e2217225d9b290a.jpg,sad
C:\Users\huynh\Desktop\Jupyter\CatEmotionDetector\Cat Emotions.v2i.folder\train\sad\00000353_017_png.rf.7b2f967853de8ff49db3fa489cff39a3.jpg,sad
C:\Users\huynh\Desktop\Jupyter\CatEmotionDetector\Cat Emotions.v2i.folder\train\sad\00000361_025_png.rf.64bcff12360b02e59af2d079a525f69f.jpg,sad
C:\Users\huynh\Desktop\Jupyter\CatEmotionDetector\Cat Emotions.v2i.folder\train\sad\00000371_028_png.rf.87b6ed10fa0672c5f3bf7f137a040b14.jpg,sad
C:\Users\huynh\Desktop\Jupyter\CatEmotionDetector\Cat Emotions.v2i.folder\train\sad\00000381_009_png.rf.134c53005658f25da12258237e492925.jpg,sad
C:\Users\huynh\Desktop\Jupyter\CatEmotionDetector\Cat Emotions.v2i.folder\train\sad\00000390_015_png.rf.5324489ec713186cff597727824b1ef5.jpg,sad
C:\Users\huynh\Desktop\Jupyter\CatEmotionDetector\Cat Emotions.v2i.folder\train\sad\00000396_020_png.rf.75e790a8abf3c53a03c99bb864f03697.jpg,sad
C:\Users\huynh\Desktop\Jupyter\CatEmotionDetector\Cat Emotions.v2i.folder\train\sad\00000428_013_png.rf.a71388fef497a6543ab1b7db6504fd30.jpg,sad
C:\Users\huynh\Desktop\Jupyter\CatEmotionDetector\Cat Emotions.v2i.folder\train\sad\CAT_01_00000100_012_png.rf.06b1900410804d8f58aa2721b2f5adf7.jpg,sad
C:\Users\huynh\Desktop\Jupyter\CatEmotionDetector\Cat Emotions.v2i.folder\train\sad\CAT_01_00000113_014_png.rf.b24aeaa3e1a524e93ac9ae87ef7857a3.jpg,sad
C:\Users\huynh\Desktop\Jupyter\CatEmotionDetector\Cat Emotions.v2i.folder\train\sad\CAT_01_00000127_020_png.rf.d5a74f2b8aab0ea3cd10e33077329660.jpg,sad
C:\Users\huynh\Desktop\Jupyter\CatEmotionDetector\Cat Emotions.v2i.folder\train\sad\CAT_01_00000128_010_png.rf.bb77ab7709abd593f527d791daed7a4d.jpg,sad
C:\Users\huynh\Desktop\Jupyter\CatEmotionDetector\Cat Emotions.v2i.folder\train\sad\CAT_01_00000131_017_png.rf.6ff9130cfac205c8359f2dd674ef02e6.jpg,sad
C:\Users\huynh\Desktop\Jupyter\CatEmotionDetector\Cat Emotions.v2i.folder\train\sad\CAT_01_00000132_027_png.rf.1273f436c7671431eddf4675da02a912.jpg,sad
C:\Users\huynh\Desktop\Jupyter\CatEmotionDetector\Cat Emotions.v2i.folder\train\sad\CAT_01_00000164_016_png.rf.5e1c6df5f78b0d86578b22e9109d9512.jpg,sad
C:\Users\huynh\Desktop\Jupyter\CatEmotionDetector\Cat Emotions.v2i.folder\train\sad\CAT_01_00000173_002_png.rf.790cb15f97eb9334523b70ed812ec0c9.jpg,sad
C:\Users\huynh\Desktop\Jupyter\CatEmotionDetector\Cat Emotions.v2i.folder\train\sad\CAT_01_00000174_027_png.rf.90abd05bcdc3b675827da6590a30e74f.jpg,sad
C:\Users\huynh\Desktop\Jupyter\CatEmotionDetector\Cat Emotions.v2i.folder\train\sad\CAT_01_00000179_017_png.rf.802f8482e9026a8891734fa544c2a8e8.jpg,sad
C:\Users\huynh\Desktop\Jupyter\CatEmotionDetector\CatDatasetKaggle\angry\01.jpg,angry
C:\Users\huynh\Desktop\Jupyter\CatEmotionDetector\CatDatasetKaggle\angry\02.jpg,angry
C:\Users\huynh\Desktop\Jupyter\CatEmotionDetector\CatDatasetKaggle\angry\03.jpg,angry
C:\Users\huynh\Desktop\Jupyter\CatEmotionDetector\CatDatasetKaggle\angry\04.jpg,angry
C:\Users\huynh\Desktop\Jupyter\CatEmotionDetector\CatDatasetKaggle\angry\05.jpg,angry
C:\Users\huynh\Desktop\Jupyter\CatEmotionDetector\CatDatasetKaggle\angry\07.jpg,angry
C:\Users\huynh\Desktop\Jupyter\CatEmotionDetector\CatDatasetKaggle\angry\08.jpg,angry
C:\Users\huynh\Desktop\Jupyter\CatEmotionDetector\CatDatasetKaggle\angry\09.jpg,angry
C:\Users\huynh\Desktop\Jupyter\CatEmotionDetector\CatDatasetKaggle\angry\10.jpg,angry
C:\Users\huynh\Desktop\Jupyter\CatEmotionDetector\CatDatasetKaggle\angry\11.jpg,angry
C:\Users\huynh\Desktop\Jupyter\CatEmotionDetector\CatDatasetKaggle\angry\12.jpg,angry
C:\Users\huynh\Desktop\Jupyter\CatEmotionDetector\CatDatasetKaggle\angry\13.jpg,angry
C:\Users\huynh\Desktop\Jupyter\CatEmotionDetector\CatDatasetKaggle\angry\14.jpg,angry
C:\Users\huynh\Desktop\Jupyter\CatEmotionDetector\CatDatasetKaggle\angry\15.jpg,angry
C:\Users\huynh\Desktop\Jupyter\CatEmotionDetector\CatDatasetKaggle\angry\16.jpg,angry
C:\Users\huynh\Desktop\Jupyter\CatEmotionDetector\CatDatasetKaggle\angry\18.jpg,angry
C:\Users\huynh\Desktop\Jupyter\CatEmotionDetector\CatDatasetKaggle\angry\23.jpg,angry
C:\Users\huynh\Desktop\Jupyter\CatEmotionDetector\CatDatasetKaggle\angry\24.jpg,angry
C:\Users\huynh\Desktop\Jupyter\CatEmotionDetector\CatDatasetKaggle\angry\27.jpg,angry
C:\Users\huynh\Desktop\Jupyter\CatEmotionDetector\CatDatasetKaggle\angry\28.jpg,angry
C:\Users\huynh\Desktop\Jupyter\CatEmotionDetector\CatDatasetKaggle\angry\33.jpg,angry
C:\Users\huynh\Desktop\Jupyter\CatEmotionDetector\CatDatasetKaggle\angry\35.jpg,angry
C:\Users\huynh\Desktop\Jupyter\CatEmotionDetector\CatDatasetKaggle\angry\36.jpg,angry
C:\Users\huynh\Desktop\Jupyter\CatEmotionDetector\CatDatasetKaggle\angry\37.jpg,angry
C:\Users\huynh\Desktop\Jupyter\CatEmotionDetector\CatDatasetKaggle\angry\38.jpg,angry
C:\Users\huynh\Desktop\Jupyter\CatEmotionDetector\CatDatasetKaggle\angry\39.jpg,angry
C:\Users\huynh\Desktop\Jupyter\CatEmotionDetector\CatDatasetKaggle\angry\40.jpg,angry
C:\Users\huynh\Desktop\Jupyter\CatEmotionDetector\CatDatasetKaggle\angry\47.jpg,angry
C:\Users\huynh\Desktop\Jupyter\CatEmotionDetector\CatDatasetKaggle\angry\48.jpg,angry
C:\Users\huynh\Desktop\Jupyter\CatEmotionDetector\CatDatasetKaggle\angry\49.jpg,angry
C:\Users\huynh\Desktop\Jupyter\CatEmotionDetector\CatDatasetKaggle\angry\50.jpg,angry
C:\Users\huynh\Desktop\Jupyter\CatEmotionDetector\CatDatasetKaggle\angry\51.jpg,angry
C:\Users\huynh\Desktop\Jupyter\CatEmotionDetector\CatDatasetKaggle\angry\53.jpg,angry
C:\Users\huynh\Desktop\Jupyter\CatEmotionDetector\CatDatasetKaggle\angry\55.jpg,angry
C:\Users\huynh\Desktop\Jupyter\CatEmotionDetector\CatDatasetKaggle\angry\56.jpg,angry
C:\Users\huynh\Desktop\Jupyter\CatEmotionDetector\CatDatasetKaggle\angry\57.jpg,angry
C:\Users\huynh\Desktop\Jupyter\CatEmotionDetector\CatDatasetKaggle\angry\58.jpg,angry
C:\Users\huynh\Desktop\Jupyter\CatEmotionDetector\CatDatasetKaggle\angry\59.jpg,angry
C:\Users\huynh\Desktop\Jupyter\CatEmotionDetector\CatDatasetKaggle\angry\61.jpg,angry
C:\Users\huynh\Desktop\Jupyter\CatEmotionDetector\CatDatasetKaggle\angry\62.jpg,angry
C:\Users\huynh\Desktop\Jupyter\CatEmotionDetector\CatDatasetKaggle\angry\63.jpg,angry
C:\Users\huynh\Desktop\Jupyter\CatEmotionDetector\CatDatasetKaggle\angry\64.jpg,angry
C:\Users\huynh\Desktop\Jupyter\CatEmotionDetector\CatDatasetKaggle\angry\65.jpg,angry
C:\Users\huynh\Desktop\Jupyter\CatEmotionDetector\CatDatasetKaggle\angry\66.jpg,angry
C:\Users\huynh\Desktop\Jupyter\CatEmotionDetector\CatDatasetKaggle\angry\67.jpg,angry
C:\Users\huynh\Desktop\Jupyter\CatEmotionDetector\CatDatasetKaggle\angry\68.jpg,angry
C:\Users\huynh\Desktop\Jupyter\CatEmotionDetector\CatDatasetKaggle\angry\71.jpg,angry
C:\Users\huynh\Desktop\Jupyter\CatEmotionDetector\CatDatasetKaggle\angry\74.jpg,angry
C:\Users\huynh\Desktop\Jupyter\CatEmotionDetector\CatDatasetKaggle\angry\75.jpg,angry
C:\Users\huynh\Desktop\Jupyter\CatEmotionDetector\CatDatasetKaggle\angry\76.jpg,angry
C:\Users\huynh\Desktop\Jupyter\CatEmotionDetector\CatDatasetKaggle\angry\77.jpg,angry
C:\Users\huynh\Desktop\Jupyter\CatEmotionDetector\CatDatasetKaggle\angry\88.jpg,angry
C:\Users\huynh\Desktop\Jupyter\CatEmotionDetector\CatDatasetKaggle\angry\89.jpg,angry
C:\Users\huynh\Desktop\Jupyter\CatEmotionDetector\CatDatasetKaggle\angry\90.jpg,angry
C:\Users\huynh\Desktop\Jupyter\CatEmotionDetector\CatDatasetKaggle\angry\91.jpg,angry
C:\Users\huynh\Desktop\Jupyter\CatEmotionDetector\CatDatasetKaggle\angry\92.jpg,angry
C:\Users\huynh\Desktop\Jupyter\CatEmotionDetector\CatDatasetKaggle\angry\93.jpg,angry
C:\Users\huynh\Desktop\Jupyter\CatEmotionDetector\CatDatasetKaggle\angry\aug-0-02.jpg,angry
C:\Users\huynh\Desktop\Jupyter\CatEmotionDetector\CatDatasetKaggle\angry\aug-1-03.jpg,angry
C:\Users\huynh\Desktop\Jupyter\CatEmotionDetector\CatDatasetKaggle\angry\aug-101-35.jpg,angry
C:\Users\huynh\Desktop\Jupyter\CatEmotionDetector\CatDatasetKaggle\angry\aug-102-36.jpg,angry
C:\Users\huynh\Desktop\Jupyter\CatEmotionDetector\CatDatasetKaggle\angry\aug-103-37.jpg,angry
C:\Users\huynh\Desktop\Jupyter\CatEmotionDetector\CatDatasetKaggle\angry\aug-104-38.jpg,angry
C:\Users\huynh\Desktop\Jupyter\CatEmotionDetector\CatDatasetKaggle\angry\aug-11-18.jpg,angry
C:\Users\huynh\Desktop\Jupyter\CatEmotionDetector\CatDatasetKaggle\angry\aug-110-48.jpg,angry
C:\Users\huynh\Desktop\Jupyter\CatEmotionDetector\CatDatasetKaggle\angry\aug-111-49.jpg,angry
C:\Users\huynh\Desktop\Jupyter\CatEmotionDetector\CatDatasetKaggle\angry\aug-112-50.jpg,angry
C:\Users\huynh\Desktop\Jupyter\CatEmotionDetector\CatDatasetKaggle\angry\aug-115-53.jpg,angry
C:\Users\huynh\Desktop\Jupyter\CatEmotionDetector\CatDatasetKaggle\angry\aug-116-54.jpg,angry
C:\Users\huynh\Desktop\Jupyter\CatEmotionDetector\CatDatasetKaggle\angry\aug-117-55.jpg,angry
C:\Users\huynh\Desktop\Jupyter\CatEmotionDetector\CatDatasetKaggle\angry\aug-118-56.jpg,angry
C:\Users\huynh\Desktop\Jupyter\CatEmotionDetector\CatDatasetKaggle\angry\aug-12-19.jpg,angry
C:\Users\huynh\Desktop\Jupyter\CatEmotionDetector\CatDatasetKaggle\angry\aug-120-58.jpg,angry
C:\Users\huynh\Desktop\Jupyter\CatEmotionDetector\CatDatasetKaggle\angry\aug-121-59.jpg,angry
C:\Users\huynh\Desktop\Jupyter\CatEmotionDetector\CatDatasetKaggle\angry\aug-123-61.jpg,angry
C:\Users\huynh\Desktop\Jupyter\CatEmotionDetector\CatDatasetKaggle\angry\aug-124-63.jpg,angry
C:\Users\huynh\Desktop\Jupyter\CatEmotionDetector\CatDatasetKaggle\angry\aug-125-67.jpg,angry
C:\Users\huynh\Desktop\Jupyter\CatEmotionDetector\CatDatasetKaggle\angry\aug-129-71.jpg,angry
C:\Users\huynh\Desktop\Jupyter\CatEmotionDetector\CatDatasetKaggle\angry\aug-132-74.jpg,angry
C:\Users\huynh\Desktop\Jupyter\CatEmotionDetector\CatDatasetKaggle\angry\aug-133-76.jpg,angry
C:\Users\huynh\Desktop\Jupyter\CatEmotionDetector\CatDatasetKaggle\angry\aug-134-77.jpg,angry
C:\Users\huynh\Desktop\Jupyter\CatEmotionDetector\CatDatasetKaggle\angry\aug-145-89.jpg,angry
C:\Users\huynh\Desktop\Jupyter\CatEmotionDetector\CatDatasetKaggle\angry\aug-148-93.jpg,angry
C:\Users\huynh\Desktop\Jupyter\CatEmotionDetector\CatDatasetKaggle\angry\aug-151-03.jpg,angry
C:\Users\huynh\Desktop\Jupyter\CatEmotionDetector\CatDatasetKaggle\angry\aug-152-04.jpg,angry
C:\Users\huynh\Desktop\Jupyter\CatEmotionDetector\CatDatasetKaggle\angry\aug-153-05.jpg,angry
C:\Users\huynh\Desktop\Jupyter\CatEmotionDetector\CatDatasetKaggle\angry\aug-155-08.jpg,angry
C:\Users\huynh\Desktop\Jupyter\CatEmotionDetector\CatDatasetKaggle\angry\aug-156-09.jpg,angry
C:\Users\huynh\Desktop\Jupyter\CatEmotionDetector\CatDatasetKaggle\angry\aug-157-10.jpg,angry
C:\Users\huynh\Desktop\Jupyter\CatEmotionDetector\CatDatasetKaggle\angry\aug-158-12.jpg,angry
C:\Users\huynh\Desktop\Jupyter\CatEmotionDetector\CatDatasetKaggle\angry\aug-159-16.jpg,angry
C:\Users\huynh\Desktop\Jupyter\CatEmotionDetector\CatDatasetKaggle\angry\aug-16-23.jpg,angry
C:\Users\huynh\Desktop\Jupyter\CatEmotionDetector\CatDatasetKaggle\angry\aug-161-18.jpg,angry
C:\Users\huynh\Desktop\Jupyter\CatEmotionDetector\CatDatasetKaggle\angry\aug-162-19.jpg,angry
C:\Users\huynh\Desktop\Jupyter\CatEmotionDetector\CatDatasetKaggle\angry\aug-164-21.jpg,angry
C:\Users\huynh\Desktop\Jupyter\CatEmotionDetector\CatDatasetKaggle\angry\aug-166-23.jpg,angry
C:\Users\huynh\Desktop\Jupyter\CatEmotionDetector\CatDatasetKaggle\angry\aug-167-24.jpg,angry
C:\Users\huynh\Desktop\Jupyter\CatEmotionDetector\CatDatasetKaggle\angry\aug-17-24.jpg,angry
C:\Users\huynh\Desktop\Jupyter\CatEmotionDetector\CatDatasetKaggle\angry\aug-170-27.jpg,angry
C:\Users\huynh\Desktop\Jupyter\CatEmotionDetector\CatDatasetKaggle\angry\aug-171-28.jpg,angry
C:\Users\huynh\Desktop\Jupyter\CatEmotionDetector\CatDatasetKaggle\angry\aug-174-31.jpg,angry
C:\Users\huynh\Desktop\Jupyter\CatEmotionDetector\CatDatasetKaggle\angry\aug-2-04.jpg,angry
C:\Users\huynh\Desktop\Jupyter\CatEmotionDetector\CatDatasetKaggle\angry\aug-20-27.jpg,angry
C:\Users\huynh\Desktop\Jupyter\CatEmotionDetector\CatDatasetKaggle\angry\aug-21-28.jpg,angry
C:\Users\huynh\Desktop\Jupyter\CatEmotionDetector\CatDatasetKaggle\angry\aug-24-31.jpg,angry
C:\Users\huynh\Desktop\Jupyter\CatEmotionDetector\CatDatasetKaggle\angry\aug-26-35.jpg,angry
C:\Users\huynh\Desktop\Jupyter\CatEmotionDetector\CatDatasetKaggle\angry\aug-27-36.jpg,angry
C:\Users\huynh\Desktop\Jupyter\CatEmotionDetector\CatDatasetKaggle\angry\aug-28-37.jpg,angry
C:\Users\huynh\Desktop\Jupyter\CatEmotionDetector\CatDatasetKaggle\angry\aug-29-38.jpg,angry
C:\Users\huynh\Desktop\Jupyter\CatEmotionDetector\CatDatasetKaggle\angry\aug-3-05.jpg,angry
C:\Users\huynh\Desktop\Jupyter\CatEmotionDetector\CatDatasetKaggle\angry\aug-34-47.jpg,angry
C:\Users\huynh\Desktop\Jupyter\CatEmotionDetector\CatDatasetKaggle\angry\aug-36-49.jpg,angry
C:\Users\huynh\Desktop\Jupyter\CatEmotionDetector\CatDatasetKaggle\angry\aug-37-50.jpg,angry
C:\Users\huynh\Desktop\Jupyter\CatEmotionDetector\CatDatasetKaggle\angry\aug-4-06.jpg,angry
C:\Users\huynh\Desktop\Jupyter\CatEmotionDetector\CatDatasetKaggle\angry\aug-40-53.jpg,angry
C:\Users\huynh\Desktop\Jupyter\CatEmotionDetector\CatDatasetKaggle\angry\aug-41-54.jpg,angry
C:\Users\huynh\Desktop\Jupyter\CatEmotionDetector\CatDatasetKaggle\angry\aug-42-55.jpg,angry
C:\Users\huynh\Desktop\Jupyter\CatEmotionDetector\CatDatasetKaggle\angry\aug-43-56.jpg,angry
C:\Users\huynh\Desktop\Jupyter\CatEmotionDetector\CatDatasetKaggle\angry\aug-45-58.jpg,angry
C:\Users\huynh\Desktop\Jupyter\CatEmotionDetector\CatDatasetKaggle\angry\aug-46-59.jpg,angry
C:\Users\huynh\Desktop\Jupyter\CatEmotionDetector\CatDatasetKaggle\angry\aug-48-61.jpg,angry
C:\Users\huynh\Desktop\Jupyter\CatEmotionDetector\CatDatasetKaggle\angry\aug-49-63.jpg,angry
C:\Users\huynh\Desktop\Jupyter\CatEmotionDetector\CatDatasetKaggle\angry\aug-5-08.jpg,angry
C:\Users\huynh\Desktop\Jupyter\CatEmotionDetector\CatDatasetKaggle\angry\aug-50-67.jpg,angry
C:\Users\huynh\Desktop\Jupyter\CatEmotionDetector\CatDatasetKaggle\angry\aug-51-68.jpg,angry
C:\Users\huynh\Desktop\Jupyter\CatEmotionDetector\CatDatasetKaggle\angry\aug-54-71.jpg,angry
C:\Users\huynh\Desktop\Jupyter\CatEmotionDetector\CatDatasetKaggle\angry\aug-57-74.jpg,angry
C:\Users\huynh\Desktop\Jupyter\CatEmotionDetector\CatDatasetKaggle\angry\aug-58-76.jpg,angry
C:\Users\huynh\Desktop\Jupyter\CatEmotionDetector\CatDatasetKaggle\angry\aug-59-77.jpg,angry
C:\Users\huynh\Desktop\Jupyter\CatEmotionDetector\CatDatasetKaggle\angry\aug-6-09.jpg,angry
C:\Users\huynh\Desktop\Jupyter\CatEmotionDetector\CatDatasetKaggle\angry\aug-7-10.jpg,angry
C:\Users\huynh\Desktop\Jupyter\CatEmotionDetector\CatDatasetKaggle\angry\aug-70-89.jpg,angry
C:\Users\huynh\Desktop\Jupyter\CatEmotionDetector\CatDatasetKaggle\angry\aug-73-93.jpg,angry
C:\Users\huynh\Desktop\Jupyter\CatEmotionDetector\CatDatasetKaggle\angry\aug-75-02.jpg,angry
C:\Users\huynh\Desktop\Jupyter\CatEmotionDetector\CatDatasetKaggle\angry\aug-76-03.jpg,angry
C:\Users\huynh\Desktop\Jupyter\CatEmotionDetector\CatDatasetKaggle\angry\aug-77-04.jpg,angry
C:\Users\huynh\Desktop\Jupyter\CatEmotionDetector\CatDatasetKaggle\angry\aug-78-05.jpg,angry
C:\Users\huynh\Desktop\Jupyter\CatEmotionDetector\CatDatasetKaggle\angry\aug-8-12.jpg,angry
C:\Users\huynh\Desktop\Jupyter\CatEmotionDetector\CatDatasetKaggle\angry\aug-80-08.jpg,angry
C:\Users\huynh\Desktop\Jupyter\CatEmotionDetector\CatDatasetKaggle\angry\aug-81-09.jpg,angry
C:\Users\huynh\Desktop\Jupyter\CatEmotionDetector\CatDatasetKaggle\angry\aug-82-10.jpg,angry
C:\Users\huynh\Desktop\Jupyter\CatEmotionDetector\CatDatasetKaggle\angry\aug-83-12.jpg,angry
C:\Users\huynh\Desktop\Jupyter\CatEmotionDetector\CatDatasetKaggle\angry\aug-84-16.jpg,angry
C:\Users\huynh\Desktop\Jupyter\CatEmotionDetector\CatDatasetKaggle\angry\aug-86-18.jpg,angry
C:\Users\huynh\Desktop\Jupyter\CatEmotionDetector\CatDatasetKaggle\angry\aug-87-19.jpg,angry
C:\Users\huynh\Desktop\Jupyter\CatEmotionDetector\CatDatasetKaggle\angry\aug-89-21.jpg,angry
C:\Users\huynh\Desktop\Jupyter\CatEmotionDetector\CatDatasetKaggle\angry\aug-9-16.jpg,angry
C:\Users\huynh\Desktop\Jupyter\CatEmotionDetector\CatDatasetKaggle\angry\aug-91-23.jpg,angry
C:\Users\huynh\Desktop\Jupyter\CatEmotionDetector\CatDatasetKaggle\angry\aug-92-24.jpg,angry
C:\Users\huynh\Desktop\Jupyter\CatEmotionDetector\CatDatasetKaggle\angry\aug-95-27.jpg,angry
C:\Users\huynh\Desktop\Jupyter\CatEmotionDetector\CatDatasetKaggle\angry\aug-96-28.jpg,angry
C:\Users\huynh\Desktop\Jupyter\CatEmotionDetector\CatDatasetKaggle\angry\aug-99-31.jpg,angry
C:\Users\huynh\Desktop\Jupyter\CatEmotionDetector\CatDatasetKaggle\happy\005.jpg,happy
C:\Users\huynh\Desktop\Jupyter\CatEmotionDetector\CatDatasetKaggle\happy\012.jpg,happy
C:\Users\huynh\Desktop\Jupyter\CatEmotionDetector\CatDatasetKaggle\happy\014.jpg,happy
C:\Users\huynh\Desktop\Jupyter\CatEmotionDetector\CatDatasetKaggle\happy\018.jpg,happy
C:\Users\huynh\Desktop\Jupyter\CatEmotionDetector\CatDatasetKaggle\happy\020.jpg,happy
C:\Users\huynh\Desktop\Jupyter\CatEmotionDetector\CatDatasetKaggle\happy\029.jpg,happy
C:\Users\huynh\Desktop\Jupyter\CatEmotionDetector\CatDatasetKaggle\happy\033.jpg,happy
C:\Users\huynh\Desktop\Jupyter\CatEmotionDetector\CatDatasetKaggle\happy\055.jpg,happy
C:\Users\huynh\Desktop\Jupyter\CatEmotionDetector\CatDatasetKaggle\happy\069.jpg,happy
C:\Users\huynh\Desktop\Jupyter\CatEmotionDetector\CatDatasetKaggle\happy\072.jpg,happy
C:\Users\huynh\Desktop\Jupyter\CatEmotionDetector\CatDatasetKaggle\happy\105.jpg,happy
C:\Users\huynh\Desktop\Jupyter\CatEmotionDetector\CatDatasetKaggle\happy\aug-102-018.jpg,happy
C:\Users\huynh\Desktop\Jupyter\CatEmotionDetector\CatDatasetKaggle\happy\aug-104-020.jpg,happy
C:\Users\huynh\Desktop\Jupyter\CatEmotionDetector\CatDatasetKaggle\happy\aug-113-029.jpg,happy
C:\Users\huynh\Desktop\Jupyter\CatEmotionDetector\CatDatasetKaggle\happy\aug-12-018.jpg,happy
C:\Users\huynh\Desktop\Jupyter\CatEmotionDetector\CatDatasetKaggle\happy\aug-120-037.jpg,happy
C:\Users\huynh\Desktop\Jupyter\CatEmotionDetector\CatDatasetKaggle\happy\aug-14-020.jpg,happy
C:\Users\huynh\Desktop\Jupyter\CatEmotionDetector\CatDatasetKaggle\happy\aug-145-069.jpg,happy
C:\Users\huynh\Desktop\Jupyter\CatEmotionDetector\CatDatasetKaggle\happy\aug-148-072.jpg,happy
C:\Users\huynh\Desktop\Jupyter\CatEmotionDetector\CatDatasetKaggle\happy\aug-23-029.jpg,happy
C:\Users\huynh\Desktop\Jupyter\CatEmotionDetector\CatDatasetKaggle\happy\aug-30-037.jpg,happy
C:\Users\huynh\Desktop\Jupyter\CatEmotionDetector\CatDatasetKaggle\happy\aug-43-055.jpg,happy
C:\Users\huynh\Desktop\Jupyter\CatEmotionDetector\CatDatasetKaggle\happy\aug-55-069.jpg,happy
C:\Users\huynh\Desktop\Jupyter\CatEmotionDetector\CatDatasetKaggle\happy\aug-58-072.jpg,happy
C:\Users\huynh\Desktop\Jupyter\CatEmotionDetector\CatDatasetKaggle\happy\aug-8-012.jpg,happy
C:\Users\huynh\Desktop\Jupyter\CatEmotionDetector\CatDatasetKaggle\happy\aug-98-012.jpg,happy
C:\Users\huynh\Desktop\Jupyter\CatEmotionDetector\CatDatasetKaggle\sad\001.jpg,sad
C:\Users\huynh\Desktop\Jupyter\CatEmotionDetector\CatDatasetKaggle\sad\004.jpg,sad
C:\Users\huynh\Desktop\Jupyter\CatEmotionDetector\CatDatasetKaggle\sad\006.jpg,sad
C:\Users\huynh\Desktop\Jupyter\CatEmotionDetector\CatDatasetKaggle\sad\007.jpg,sad
C:\Users\huynh\Desktop\Jupyter\CatEmotionDetector\CatDatasetKaggle\sad\011.jpg,sad
C:\Users\huynh\Desktop\Jupyter\CatEmotionDetector\CatDatasetKaggle\sad\014.jpg,sad
C:\Users\huynh\Desktop\Jupyter\CatEmotionDetector\CatDatasetKaggle\sad\018.jpg,sad
C:\Users\huynh\Desktop\Jupyter\CatEmotionDetector\CatDatasetKaggle\sad\021.jpg,sad
C:\Users\huynh\Desktop\Jupyter\CatEmotionDetector\CatDatasetKaggle\sad\025.jpg,sad
C:\Users\huynh\Desktop\Jupyter\CatEmotionDetector\CatDatasetKaggle\sad\027.jpg,sad
C:\Users\huynh\Desktop\Jupyter\CatEmotionDetector\CatDatasetKaggle\sad\036.jpg,sad
C:\Users\huynh\Desktop\Jupyter\CatEmotionDetector\CatDatasetKaggle\sad\037.jpg,sad
C:\Users\huynh\Desktop\Jupyter\CatEmotionDetector\CatDatasetKaggle\sad\049.jpg,sad
C:\Users\huynh\Desktop\Jupyter\CatEmotionDetector\CatDatasetKaggle\sad\058.jpg,sad
C:\Users\huynh\Desktop\Jupyter\CatEmotionDetector\CatDatasetKaggle\sad\075.jpg,sad
C:\Users\huynh\Desktop\Jupyter\CatEmotionDetector\CatDatasetKaggle\sad\097.jpg,sad
C:\Users\huynh\Desktop\Jupyter\CatEmotionDetector\CatDatasetKaggle\sad\098.jpg,sad
C:\Users\huynh\Desktop\Jupyter\CatEmotionDetector\CatDatasetKaggle\sad\aug-0-001.jpg,sad
C:\Users\huynh\Desktop\Jupyter\CatEmotionDetector\CatDatasetKaggle\sad\aug-10-011.jpg,sad
C:\Users\huynh\Desktop\Jupyter\CatEmotionDetector\CatDatasetKaggle\sad\aug-100-021.jpg,sad
C:\Users\huynh\Desktop\Jupyter\CatEmotionDetector\CatDatasetKaggle\sad\aug-103-025.jpg,sad
C:\Users\huynh\Desktop\Jupyter\CatEmotionDetector\CatDatasetKaggle\sad\aug-109-036.jpg,sad
C:\Users\huynh\Desktop\Jupyter\CatEmotionDetector\CatDatasetKaggle\sad\aug-110-037.jpg,sad
C:\Users\huynh\Desktop\Jupyter\CatEmotionDetector\CatDatasetKaggle\sad\aug-127-058.jpg,sad
C:\Users\huynh\Desktop\Jupyter\CatEmotionDetector\CatDatasetKaggle\sad\aug-140-075.jpg,sad
C:\Users\huynh\Desktop\Jupyter\CatEmotionDetector\CatDatasetKaggle\sad\aug-156-092.jpg,sad
C:\Users\huynh\Desktop\Jupyter\CatEmotionDetector\CatDatasetKaggle\sad\aug-16-021.jpg,sad
C:\Users\huynh\Desktop\Jupyter\CatEmotionDetector\CatDatasetKaggle\sad\aug-161-098.jpg,sad
C:\Users\huynh\Desktop\Jupyter\CatEmotionDetector\CatDatasetKaggle\sad\aug-19-025.jpg,sad
C:\Users\huynh\Desktop\Jupyter\CatEmotionDetector\CatDatasetKaggle\sad\aug-25-036.jpg,sad
C:\Users\huynh\Desktop\Jupyter\CatEmotionDetector\CatDatasetKaggle\sad\aug-26-037.jpg,sad
C:\Users\huynh\Desktop\Jupyter\CatEmotionDetector\CatDatasetKaggle\sad\aug-3-004.jpg,sad
C:\Users\huynh\Desktop\Jupyter\CatEmotionDetector\CatDatasetKaggle\sad\aug-43-058.jpg,sad
C:\Users\huynh\Desktop\Jupyter\CatEmotionDetector\CatDatasetKaggle\sad\aug-5-006.jpg,sad
C:\Users\huynh\Desktop\Jupyter\CatEmotionDetector\CatDatasetKaggle\sad\aug-56-075.jpg,sad
C:\Users\huynh\Desktop\Jupyter\CatEmotionDetector\CatDatasetKaggle\sad\aug-6-007.jpg,sad
C:\Users\huynh\Desktop\Jupyter\CatEmotionDetector\CatDatasetKaggle\sad\aug-72-092.jpg,sad
C:\Users\huynh\Desktop\Jupyter\CatEmotionDetector\CatDatasetKaggle\sad\aug-77-098.jpg,sad
C:\Users\huynh\Desktop\Jupyter\CatEmotionDetector\CatDatasetKaggle\sad\aug-8-009.jpg,sad
C:\Users\huynh\Desktop\Jupyter\CatEmotionDetector\CatDatasetKaggle\sad\aug-84-001.jpg,sad
C:\Users\huynh\Desktop\Jupyter\CatEmotionDetector\CatDatasetKaggle\sad\aug-87-004.jpg,sad
C:\Users\huynh\Desktop\Jupyter\CatEmotionDetector\CatDatasetKaggle\sad\aug-89-006.jpg,sad
C:\Users\huynh\Desktop\Jupyter\CatEmotionDetector\CatDatasetKaggle\sad\aug-90-007.jpg,sad
C:\Users\huynh\Desktop\Jupyter\CatEmotionDetector\CatDatasetKaggle\sad\aug-92-009.jpg,sad
C:\Users\huynh\Desktop\Jupyter\CatEmotionDetector\CatDatasetKaggle\sad\aug-94-011.jpg,sad
C:\Users\huynh\Desktop\Jupyter\CatEmotionDetector\ImageCollection\angry\IMG_0318.jpg,angry
C:\Users\huynh\Desktop\Jupyter\CatEmotionDetector\ImageCollection\angry\IMG_0319.jpg,angry
C:\Users\huynh\Desktop\Jupyter\CatEmotionDetector\ImageCollection\angry\IMG_0320.jpg,angry
C:\Users\huynh\Desktop\Jupyter\CatEmotionDetector\ImageCollection\angry\IMG_0321.jpg,angry
C:\Users\huynh\Desktop\Jupyter\CatEmotionDetector\ImageCollection\angry\IMG_0324.jpg,angry
C:\Users\huynh\Desktop\Jupyter\CatEmotionDetector\ImageCollection\angry\IMG_0331.jpg,angry
C:\Users\huynh\Desktop\Jupyter\CatEmotionDetector\ImageCollection\angry\IMG_1235.jpg,angry
C:\Users\huynh\Desktop\Jupyter\CatEmotionDetector\ImageCollection\angry\IMG_1236.jpg,angry
C:\Users\huynh\Desktop\Jupyter\CatEmotionDetector\ImageCollection\angry\IMG_1237.jpg,angry
C:\Users\huynh\Desktop\Jupyter\CatEmotionDetector\ImageCollection\angry\IMG_1239.jpg,angry
C:\Users\huynh\Desktop\Jupyter\CatEmotionDetector\ImageCollection\angry\IMG_1240.jpg,angry
C:\Users\huynh\Desktop\Jupyter\CatEmotionDetector\ImageCollection\angry\IMG_1242.jpg,angry
C:\Users\huynh\Desktop\Jupyter\CatEmotionDetector\ImageCollection\angry\IMG_1243.jpg,angry
C:\Users\huynh\Desktop\Jupyter\CatEmotionDetector\ImageCollection\angry\IMG_4386.jpg,angry
C:\Users\huynh\Desktop\Jupyter\CatEmotionDetector\ImageCollection\angry\IMG_5888.PNG,angry
C:\Users\huynh\Desktop\Jupyter\CatEmotionDetector\ImageCollection\angry\IMG_7816.jpg,angry
C:\Users\huynh\Desktop\Jupyter\CatEmotionDetector\ImageCollection\angry\IMG_9979.JPG,angry
C:\Users\huynh\Desktop\Jupyter\CatEmotionDetector\ImageCollection\angry\IMG_9980.JPG,angry
C:\Users\huynh\Desktop\Jupyter\CatEmotionDetector\ImageCollection\happy\20231228_200156.jpg,happy
C:\Users\huynh\Desktop\Jupyter\CatEmotionDetector\ImageCollection\happy\20240103_132521.jpg,happy
C:\Users\huynh\Desktop\Jupyter\CatEmotionDetector\ImageCollection\happy\IMG_0332.jpg,happy
C:\Users\huynh\Desktop\Jupyter\CatEmotionDetector\ImageCollection\happy\IMG_0452.jpg,happy
C:\Users\huynh\Desktop\Jupyter\CatEmotionDetector\ImageCollection\happy\IMG_0453.jpg,happy
C:\Users\huynh\Desktop\Jupyter\CatEmotionDetector\ImageCollection\happy\IMG_0749.jpg,happy
C:\Users\huynh\Desktop\Jupyter\CatEmotionDetector\ImageCollection\happy\IMG_3723.jpg,happy
C:\Users\huynh\Desktop\Jupyter\CatEmotionDetector\ImageCollection\happy\IMG_3724.jpg,happy
C:\Users\huynh\Desktop\Jupyter\CatEmotionDetector\ImageCollection\happy\IMG_3725.jpg,happy
C:\Users\huynh\Desktop\Jupyter\CatEmotionDetector\ImageCollection\happy\IMG_3726.jpg,happy
C:\Users\huynh\Desktop\Jupyter\CatEmotionDetector\ImageCollection\happy\IMG_3727.jpg,happy
C:\Users\huynh\Desktop\Jupyter\CatEmotionDetector\ImageCollection\happy\IMG_3728.jpg,happy
C:\Users\huynh\Desktop\Jupyter\CatEmotionDetector\ImageCollection\happy\IMG_3730.jpg,happy
C:\Users\huynh\Desktop\Jupyter\CatEmotionDetector\ImageCollection\happy\IMG_3731.jpg,happy
C:\Users\huynh\Desktop\Jupyter\CatEmotionDetector\ImageCollection\happy\IMG_3732.jpg,happy
C:\Users\huynh\Desktop\Jupyter\CatEmotionDetector\ImageCollection\happy\IMG_4232.jpg,happy
C:\Users\huynh\Desktop\Jupyter\CatEmotionDetector\ImageCollection\happy\IMG_4723.jpg,happy
C:\Users\huynh\Desktop\Jupyter\CatEmotionDetector\ImageCollection\happy\IMG_4833.jpg,happy
C:\Users\huynh\Desktop\Jupyter\CatEmotionDetector\ImageCollection\happy\IMG_5706.jpg,happy
C:\Users\huynh\Desktop\Jupyter\CatEmotionDetector\ImageCollection\happy\IMG_5707.jpg,happy
C:\Users\huynh\Desktop\Jupyter\CatEmotionDetector\ImageCollection\happy\IMG_5710.jpg,happy
C:\Users\huynh\Desktop\Jupyter\CatEmotionDetector\ImageCollection\happy\IMG_5711.jpg,happy
C:\Users\huynh\Desktop\Jupyter\CatEmotionDetector\ImageCollection\happy\IMG_5712.jpg,happy
C:\Users\huynh\Desktop\Jupyter\CatEmotionDetector\ImageCollection\happy\IMG_5872.PNG,happy
C:\Users\huynh\Desktop\Jupyter\CatEmotionDetector\ImageCollection\happy\IMG_5956.jpg,happy
C:\Users\huynh\Desktop\Jupyter\CatEmotionDetector\ImageCollection\happy\IMG_5962.jpg,happy
C:\Users\huynh\Desktop\Jupyter\CatEmotionDetector\ImageCollection\happy\IMG_5963.jpg,happy
C:\Users\huynh\Desktop\Jupyter\CatEmotionDetector\ImageCollection\happy\IMG_5964.jpg,happy
C:\Users\huynh\Desktop\Jupyter\CatEmotionDetector\ImageCollection\happy\IMG_5966.jpg,happy
C:\Users\huynh\Desktop\Jupyter\CatEmotionDetector\ImageCollection\happy\IMG_6773.jpg,happy
C:\Users\huynh\Desktop\Jupyter\CatEmotionDetector\ImageCollection\happy\IMG_6774.jpg,happy
C:\Users\huynh\Desktop\Jupyter\CatEmotionDetector\ImageCollection\happy\IMG_7629.jpg,happy
C:\Users\huynh\Desktop\Jupyter\CatEmotionDetector\ImageCollection\happy\IMG_9967.JPG,happy
C:\Users\huynh\Desktop\Jupyter\CatEmotionDetector\ImageCollection\happy\IMG_9968.JPG,happy
C:\Users\huynh\Desktop\Jupyter\CatEmotionDetector\ImageCollection\happy\IMG_9969.JPG,happy
C:\Users\huynh\Desktop\Jupyter\CatEmotionDetector\ImageCollection\happy\IMG_9970.JPG,happy
C:\Users\huynh\Desktop\Jupyter\CatEmotionDetector\ImageCollection\happy\IMG_9971.JPG,happy
C:\Users\huynh\Desktop\Jupyter\CatEmotionDetector\ImageCollection\happy\IMG_9973.JPG,happy
C:\Users\huynh\Desktop\Jupyter\CatEmotionDetector\ImageCollection\happy\IMG_9974.JPG,happy
C:\Users\huynh\Desktop\Jupyter\CatEmotionDetector\ImageCollection\happy\IMG_9975.JPG,happy
C:\Users\huynh\Desktop\Jupyter\CatEmotionDetector\ImageCollection\happy\IMG_9977.JPG,happy
C:\Users\huynh\Desktop\Jupyter\CatEmotionDetector\ImageCollection\happy\IMG_9978.JPG,happy
C:\Users\huynh\Desktop\Jupyter\CatEmotionDetector\ImageCollection\happy\IMG_9981.JPG,happy
C:\Users\huynh\Desktop\Jupyter\CatEmotionDetector\ImageCollection\sad\IMG_2806.jpg,sad
C:\Users\huynh\Desktop\Jupyter\CatEmotionDetector\ImageCollection\sad\IMG_2807.jpg,sad
C:\Users\huynh\Desktop\Jupyter\CatEmotionDetector\ImageCollection\sad\IMG_2822.jpg,sad
C:\Users\huynh\Desktop\Jupyter\CatEmotionDetector\ImageCollection\sad\IMG_2825.jpg,sad
C:\Users\huynh\Desktop\Jupyter\CatEmotionDetector\ImageCollection\sad\IMG_9976.JPG,sad
